old,new,desc,unit
S1\B\AV1_feedback,P01\HRSG\HRSG01\POSflap,余热锅炉烟气三通风门位置反馈,%
S1\B\T1,P01\HRSG\HRSG01\Texh,余热锅炉排烟温度,℃
S1\B\T2,P01\HRSG\HRSG01\TexhIn,余热锅炉进口烟气温度,℃
S1\B\AV2_feedback,P01\CVAL\AV2\POSfeedback,余热给水调节阀位置反馈,%
S1\B\LT,P01\HRSG\HRSG01\Ldrum1,余热锅炉汽包液位,mm
S1\B\PT,P01\HRSG\HRSG01\PAdrum,余热锅炉汽包压力,Mpa
S1\B\AV2_CTRL,P01\CVAL\AV2\PIDpv,余热锅炉给水泵调节阀开度控制,%
S1\E\BQ201Ia,R01\ACLN\AH10101\Ia,BQ201进线相电流Ia,A
S1\E\BQ201Ib,R01\ACLN\AH10101\Ib,BQ201进线相电流Ib,A
S1\E\BQ201Ic,R01\ACLN\AH10101\Ic,BQ201进线相电流Ic,A
S1\E\BQ201UAB,R01\ACLN\AH10101\Uab,BQ201进线线电压UAB,KV
S1\E\BQ201UBC,R01\ACLN\AH10101\Ubc,BQ201进线线电压UBC,KV
S1\E\BQ201UCA,R01\ACLN\AH10101\Uca,BQ201进线线电压UCA,KV
S1\E\BQ201AP,R01\ACLN\AH10101\P,BQ201进线有功功率,KW
S1\E\BQ201RP,R01\ACLN\AH10101\Q,BQ201进线无功功率,Kvar
S1\E\BQ201PF,R01\ACLN\AH10101\COS,BQ201进线功率因数,
S1\E\BQ202Ia,R01\ACLN\AH10201\Ia,BQ202进线相电流Ia,A
S1\E\BQ202Ib,R01\ACLN\AH10201\Ib,BQ202进线相电流Ib,A
S1\E\BQ202Ic,R01\ACLN\AH10201\Ic,BQ202进线相电流Ic,A
S1\E\BQ202UAB,R01\ACLN\AH10201\Uab,BQ202进线线电压UAB,KV
S1\E\BQ202UBC,R01\ACLN\AH10201\Ubc,BQ202进线线电压UBC,KV
S1\E\BQ202UCA,R01\ACLN\AH10201\Uca,BQ202进线线电压UCA,KV
S1\E\BQ202AP,R01\ACLN\AH10201\P,BQ202进线有功功率,KW
S1\E\BQ202RP,R01\ACLN\AH10201\Q,BQ202进线无功功率,Kvar
S1\E\BQ202PF,R01\ACLN\AH10201\COS,BQ202进线功率因数,
S1\E\BQ245Ia,R01\BUS\BUS01\Ia,BQ245母联相电流Ia,A
S1\E\BQ245Ib,R01\BUS\BUS01\Ib,BQ245母联相电流Ib,A
S1\E\BQ245Ic,R01\BUS\BUS01\Ic,BQ245母联相电流Ic,A
S1\E\BQ211Ia,R01\ACLN\AH10301\Ia,BQ211会展楼1相电流Ia,A
S1\E\BQ211Ib,R01\ACLN\AH10301\Ib,BQ211会展楼1相电流Ib,A
S1\E\BQ211Ic,R01\ACLN\AH10301\Ic,BQ211会展楼1相电流Ic,A
S1\E\BQ211AP,R01\ACLN\AH10301\P,BQ211会展楼1有功功率,KW
S1\E\BQ211RP,R01\ACLN\AH10301\Q,BQ211会展楼1无功功率,Kvar
S1\E\BQ211PF,R01\ACLN\AH10301\COS,BQ211会展楼1功率因数,
S1\E\BQ221Ia,R01\ACLN\AH10401\Ia,BQ221会展楼2相电流Ia,A
S1\E\BQ221Ib,R01\ACLN\AH10401\Ib,BQ221会展楼2相电流Ib,A
S1\E\BQ221Ic,R01\ACLN\AH10401\Ic,BQ221会展楼2相电流Ic,A
S1\E\BQ221AP,R01\ACLN\AH10401\P,BQ221会展楼2有功功率,KW
S1\E\BQ221RP,R01\ACLN\AH10401\Q,BQ221会展楼2无功功率,Kvar
S1\E\BQ221PF,R01\ACLN\AH10401\COS,BQ221会展楼2功率因数,
S1\E\BQ212Ia,R01\ACLN\AH10501\Ia,BQ212B座1号楼相电流Ia,A
S1\E\BQ212Ib,R01\ACLN\AH10501\Ib,BQ212B座1号楼相电流Ib,A
S1\E\BQ212Ic,R01\ACLN\AH10501\Ic,BQ212B座1号楼相电流Ic,A
S1\E\BQ212AP,R01\ACLN\AH10501\P,BQ212B座1号楼有功功率,KW
S1\E\BQ212RP,R01\ACLN\AH10501\Q,BQ212B座1号楼无功功率,Kvar
S1\E\BQ212PF,R01\ACLN\AH10501\COS,BQ212B座1号楼功率因数,
S1\E\BQ222Ia,R01\ACLN\AH10601\Ia,BQ222B座2号楼相电流Ia,A
S1\E\BQ222Ib,R01\ACLN\AH10601\Ib,BQ222B座2号楼相电流Ib,A
S1\E\BQ222Ic,R01\ACLN\AH10601\Ic,BQ222B座2号楼相电流Ic,A
S1\E\BQ222AP,R01\ACLN\AH10601\P,BQ222B座2号楼有功功率,KW
S1\E\BQ222RP,R01\ACLN\AH10601\Q,BQ222B座2号楼无功功率,Kvar
S1\E\BQ222PF,R01\ACLN\AH10601\COS,BQ222B座2号楼功率因数,
S1\E\BQ213Ia,R01\ACLN\AH10701\Ia,BQ213一号变相电流Ia,A
S1\E\BQ213Ib,R01\ACLN\AH10701\Ib,BQ213一号变相电流Ib,A
S1\E\BQ213Ic,R01\ACLN\AH10701\Ic,BQ213一号变相电流Ic,A
S1\E\BQ213AP,R01\ACLN\AH10701\P,BQ213一号变有功功率,KW
S1\E\BQ213RP,R01\ACLN\AH10701\Q,BQ213一号变无功功率,Kvar
S1\E\BQ213PF,R01\ACLN\AH10701\COS,BQ213一号变功率因数,
S1\E\BQ223Ia,R01\ACLN\AH10801\Ia,BQ223二号变相电流Ia,A
S1\E\BQ223Ib,R01\ACLN\AH10801\Ib,BQ223二号变相电流Ib,A
S1\E\BQ223Ic,R01\ACLN\AH10801\Ic,BQ223二号变相电流Ic,A
S1\E\BQ223AP,R01\ACLN\AH10801\P,BQ223二号变有功功率,KW
S1\E\BQ223RP,R01\ACLN\AH10801\Q,BQ223二号变无功功率,Kvar
S1\E\BQ223PF,R01\ACLN\AH10801\COS,BQ223二号变功率因数,
S1\E\BQ214Ia,R01\ACLN\AH10901\Ia,BQ214三号变相电流Ia,A
S1\E\BQ214Ib,R01\ACLN\AH10901\Ib,BQ214三号变相电流Ib,A
S1\E\BQ214Ic,R01\ACLN\AH10901\Ic,BQ214三号变相电流Ic,A
S1\E\BQ214AP,R01\ACLN\AH10901\P,BQ214三号变有功功率,KW
S1\E\BQ214RP,R01\ACLN\AH10901\Q,BQ214三号变无功功率,Kvar
S1\E\BQ214PF,R01\ACLN\AH10901\COS,BQ214三号变功率因数,
S1\E\BQ224Ia,R01\ACLN\AH11001\Ia,BQ224四号变相电流Ia,A
S1\E\BQ224Ib,R01\ACLN\AH11001\Ib,BQ224四号变相电流Ib,A
S1\E\BQ224Ic,R01\ACLN\AH11001\Ic,BQ224四号变相电流Ic,A
S1\E\BQ224AP,R01\ACLN\AH11001\P,BQ224四号变有功功率,KW
S1\E\BQ224RP,R01\ACLN\AH11001\Q,BQ224四号变无功功率,Kvar
S1\E\BQ224PF,R01\ACLN\AH11001\COS,BQ224四号变功率因数,
S1\E\BQ215Ia,R01\ACLN\AH11101\Ia,BQ215国际宾馆1号变相电流Ia,A
S1\E\BQ215Ib,R01\ACLN\AH11101\Ib,BQ215国际宾馆1号变相电流Ib,A
S1\E\BQ215Ic,R01\ACLN\AH11101\Ic,BQ215国际宾馆1号变相电流Ic,A
S1\E\BQ215AP,R01\ACLN\AH11101\P,BQ215国际宾馆1号变有功功率,KW
S1\E\BQ215RP,R01\ACLN\AH11101\Q,BQ215国际宾馆1号变无功功率,Kvar
S1\E\BQ215PF,R01\ACLN\AH11101\COS,BQ215国际宾馆1号变功率因数,
S1\E\BQ225Ia,R01\ACLN\AH11201\Ia,BQ225国际宾馆2号变相电流Ia,A
S1\E\BQ225Ib,R01\ACLN\AH11201\Ib,BQ225国际宾馆2号变相电流Ib,A
S1\E\BQ225Ic,R01\ACLN\AH11201\Ic,BQ225国际宾馆2号变相电流Ic,A
S1\E\BQ225AP,R01\ACLN\AH11201\P,BQ225国际宾馆2号变有功功率,KW
S1\E\BQ225RP,R01\ACLN\AH11201\Q,BQ225国际宾馆2号变无功功率,Kvar
S1\E\BQ225PF,R01\ACLN\AH11201\COS,BQ225国际宾馆2号变功率因数,
S1\E\BQ216Ia,R01\ACLN\AH11301\Ia,BQ216热力三处1相电流Ia,A
S1\E\BQ216Ib,R01\ACLN\AH11301\Ib,BQ216热力三处1相电流Ib,A
S1\E\BQ216Ic,R01\ACLN\AH11301\Ic,BQ216热力三处1相电流Ic,A
S1\E\BQ216AP,R01\ACLN\AH11301\P,BQ216热力三处1有功功率,KW
S1\E\BQ216RP,R01\ACLN\AH11301\Q,BQ216热力三处1无功功率,Kvar
S1\E\BQ216PF,R01\ACLN\AH11301\COS,BQ216热力三处1功率因数,
S1\E\BQ226Ia,R01\ACLN\AH11401\Ia,BQ226热力三处2相电流Ia,A
S1\E\BQ226Ib,R01\ACLN\AH11401\Ib,BQ226热力三处2相电流Ib,A
S1\E\BQ226Ic,R01\ACLN\AH11401\Ic,BQ226热力三处2相电流Ic,A
S1\E\BQ226AP,R01\ACLN\AH11401\P,BQ226热力三处2有功功率,KW
S1\E\BQ226RP,R01\ACLN\AH11401\Q,BQ226热力三处2无功功率,Kvar
S1\E\BQ226PF,R01\ACLN\AH11401\COS,BQ226热力三处2功率因数,
S1\E\BQ217Ia,R01\ACLN\AH11501\Ia,BQ217管道四公司相电流Ia,A
S1\E\BQ217Ib,R01\ACLN\AH11501\Ib,BQ217管道四公司相电流Ib,A
S1\E\BQ217Ic,R01\ACLN\AH11501\Ic,BQ217管道四公司相电流Ic,A
S1\E\BQ217AP,R01\ACLN\AH11501\P,BQ217管道四公司有功功率,KW
S1\E\BQ217RP,R01\ACLN\AH11501\Q,BQ217管道四公司无功功率,Kvar
S1\E\BQ217PF,R01\ACLN\AH11501\COS,BQ217管道四公司功率因数,
S1\E\BQ218Ia,R01\ACLN\AH11601\Ia,BQ218国际花园1号变相电流Ia,A
S1\E\BQ218Ib,R01\ACLN\AH11601\Ib,BQ218国际花园1号变相电流Ib,A
S1\E\BQ218Ic,R01\ACLN\AH11601\Ic,BQ218国际花园1号变相电流Ic,A
S1\E\BQ218AP,R01\ACLN\AH11601\P,BQ218国际花园1号变有功功率,KW
S1\E\BQ218RP,R01\ACLN\AH11601\Q,BQ218国际花园1号变无功功率,Kvar
S1\E\BQ218PF,R01\ACLN\AH11601\COS,BQ218国际花园1号变功率因数,
S1\E\BQ227Ia,R01\ACLN\AH11701\Ia,BQ227国际花园2号变相电流Ia,A
S1\E\BQ227Ib,R01\ACLN\AH11701\Ib,BQ227国际花园2号变相电流Ib,A
S1\E\BQ227Ic,R01\ACLN\AH11701\Ic,BQ227国际花园2号变相电流Ic,A
S1\E\BQ227AP,R01\ACLN\AH11701\P,BQ227国际花园2号变有功功率,KW
S1\E\BQ227RP,R01\ACLN\AH11701\Q,BQ227国际花园2号变无功功率,Kvar
S1\E\BQ227PF,R01\ACLN\AH11701\COS,BQ227国际花园2号变功率因数,
S1\E\BQ216PAE,R01\ACLN\AH11301\Eptp,BQ216热力三处1正向有功电量,KWH
S1\E\BQ216PRE,R01\ACLN\AH11301\Eqtp,BQ216热力三处1正向无功电量,KvarH
S1\E\BQ216RAE,R01\ACLN\AH11301\Eptn,BQ216热力三处1反向有功电量,KWH
S1\E\BQ216RRE,R01\ACLN\AH11301\Eqtn,BQ216热力三处1反向无功电量,KvarH
S1\E\BQ226PAE,R01\ACLN\AH11401\Eptp,BQ226热力三处2正向有功电量,KWH
S1\E\BQ226PRE,R01\ACLN\AH11401\Eqtp,BQ226热力三处2正向无功电量,KvarH
S1\E\BQ226RAE,R01\ACLN\AH11401\Eptn,BQ226热力三处2反向有功电量,KWH
S1\E\BQ226RRE,R01\ACLN\AH11401\Eqtn,BQ226热力三处2反向无功电量,KvarH
S1\E\NYZAP1JXIa,R01\ACLN\AA10101\Ia,能源站低压AP1-0低压1#进线Ia,A
S1\E\NYZAP1JXIb,R01\ACLN\AA10101\Ib,能源站低压AP1-0低压1#进线Ib,A
S1\E\NYZAP1JXIc,R01\ACLN\AA10101\Ic,能源站低压AP1-0低压1#进线Ic,A
S1\E\NYZAP1JXUAB,R01\ACLN\AA10101\Uab,能源站低压AP1-0低压1#进线Uab,V
S1\E\NYZAP1JXUBC,R01\ACLN\AA10101\Ubc,能源站低压AP1-0低压1#进线Ubc,V
S1\E\NYZAP1JXUCA,R01\ACLN\AA10101\Uca,能源站低压AP1-0低压1#进线Uca,V
S1\E\NYZAP101Ua,R01\ACLN\AA10101\Ua,能源站低压AP1-0低压1#进线Ua,V
S1\E\NYZAP101Ub,R01\ACLN\AA10101\Ub,能源站低压AP1-0低压1#进线Ub,V
S1\E\NYZAP101Uc,R01\ACLN\AA10101\Uc,能源站低压AP1-0低压1#进线Uc,V
S1\E\NYZAP1JXAP,R01\ACLN\AA10101\P,能源站低压AP1-0低压1#进线P,KW
S1\E\NYZAP1JXRP,R01\ACLN\AA10101\Q,能源站低压AP1-0低压1#进线Q,Kvar
S1\E\NYZAP1JXPF,R01\ACLN\AA10101\COS,能源站低压AP1-0低压1#进线PF,
S1\E\NYZAP101AE,R01\ACLN\AA10101\Eptp,能源站低压AP1-0低压1#进线电度,KWH
S1\E\NYZAP4JXIa,R01\ACLN\AA10401\Ia,能源站低压AP4-0低压1#进线Ia,A
S1\E\NYZAP4JXIb,R01\ACLN\AA10401\Ib,能源站低压AP4-0低压1#进线Ib,A
S1\E\NYZAP4JXIc,R01\ACLN\AA10401\Ic,能源站低压AP4-0低压1#进线Ic,A
S1\E\NYZAP4JXUAB,R01\ACLN\AA10401\Uab,能源站低压AP4-0低压1#进线Uab,V
S1\E\NYZAP4JXUBC,R01\ACLN\AA10401\Ubc,能源站低压AP4-0低压1#进线Ubc,V
S1\E\NYZAP4JXUCA,R01\ACLN\AA10401\Uca,能源站低压AP4-0低压1#进线Uca,V
S1\E\NYZAP401Ua,R01\ACLN\AA10401\Ua,能源站低压AP4-0低压1#进线Ua,V
S1\E\NYZAP401Ub,R01\ACLN\AA10401\Ub,能源站低压AP4-0低压1#进线Ub,V
S1\E\NYZAP401Uc,R01\ACLN\AA10401\Uc,能源站低压AP4-0低压1#进线Uc,V
S1\E\NYZAP4JXAP,R01\ACLN\AA10401\P,能源站低压AP4-0低压1#进线P,KW
S1\E\NYZAP4JXRP,R01\ACLN\AA10401\Q,能源站低压AP4-0低压1#进线Q,Kvar
S1\E\NYZAP4JXPF,R01\ACLN\AA10401\COS,能源站低压AP4-0低压1#进线F,
S1\E\NYZAP401AE,R01\ACLN\AA10401\Eptp,能源站低压AP4-0低压1#进线电度,KWH
S1\E\NYZAP1132AP,R01\ACLN\AA10113\P,能源站低压AP1-13GLGSB2P,KW
S1\E\NYZAP1132RP,R01\ACLN\AA10113\Q,能源站低压AP1-13GLGSB2Q,Kvar
S1\E\NYZAP1132PF,R01\ACLN\AA10113\COS,能源站低压AP1-13GLGSB2F,
S1\E\NYZAP1132Ia,R01\ACLN\AA10113\Ia,能源站低压AP1-13GLGSB2Ia,A
S1\E\NYZAP1132Ib,R01\ACLN\AA10113\Ib,能源站低压AP1-13GLGSB2Ib,A
S1\E\NYZAP1132Ic,R01\ACLN\AA10113\Ic,能源站低压AP1-13GLGSB2Ic,A
S1\E\NYZAP1132AE,R01\ACLN\AA10113\Eptp,能源站低压AP1-13GLGSB2电度,KWH
S1\E\NYZAP1142AP,R01\ACLN\AA10114\P,能源站低压AP1-14GLGSB2P,KW
S1\E\NYZAP1142RP,R01\ACLN\AA10114\Q,能源站低压AP1-14GLGSB2Q,Kvar
S1\E\NYZAP1142PF,R01\ACLN\AA10114\COS,能源站低压AP1-14GLGSB2F,
S1\E\NYZAP1142Ia,R01\ACLN\AA10114\Ia,能源站低压AP1-14GLGSB2Ia,A
S1\E\NYZAP1142Ib,R01\ACLN\AA10114\Ib,能源站低压AP1-14GLGSB2Ib,A
S1\E\NYZAP1142Ic,R01\ACLN\AA10114\Ic,能源站低压AP1-14GLGSB2Ic,A
S1\E\NYZAP1142AE,R01\ACLN\AA10114\Eptp,能源站低压AP1-14GLGSB2电度,KWH
S1\E\NYZAP211AP,R01\ACLN\AA10201\P,能源站低压AP2-1GTSB1P,KW
S1\E\NYZAP211RP,R01\ACLN\AA10201\Q,能源站低压AP2-1GTSB1Q,Kvar
S1\E\NYZAP211PF,R01\ACLN\AA10201\COS,能源站低压AP2-1GTSB1F,
S1\E\NYZAP211Ia,R01\ACLN\AA10201\Ia,能源站低压AP2-1GTSB1Ia,A
S1\E\NYZAP211Ib,R01\ACLN\AA10201\Ib,能源站低压AP2-1GTSB1Ib,A
S1\E\NYZAP211Ic,R01\ACLN\AA10201\Ic,能源站低压AP2-1GTSB1Ic,A
S1\E\NYZAP211AE,R01\ACLN\AA10201\Eptp,能源站低压AP2-1GTSB1电度,KWH
S1\E\NYZAP222AP,R01\ACLN\AA10202\P,能源站低压AP2-2GTSB1P,KW
S1\E\NYZAP222RP,R01\ACLN\AA10202\Q,能源站低压AP2-2GTSB1Q,Kvar
S1\E\NYZAP222PF,R01\ACLN\AA10202\COS,能源站低压AP2-2GTSB1F,
S1\E\NYZAP222Ia,R01\ACLN\AA10202\Ia,能源站低压AP2-2GTSB1Ia,A
S1\E\NYZAP222Ib,R01\ACLN\AA10202\Ib,能源站低压AP2-2GTSB1Ib,A
S1\E\NYZAP222Ic,R01\ACLN\AA10202\Ic,能源站低压AP2-2GTSB1Ic,A
S1\E\NYZAP222AE,R01\ACLN\AA10202\Eptp,能源站低压AP2-2GTSB1电度,KWH
S1\E\NYZAP231AP,R01\ACLN\AA10203\P,能源站低压AP2-3CNXHSB1P,KW
S1\E\NYZAP231RP,R01\ACLN\AA10203\Q,能源站低压AP2-3CNXHSB1Q,Kvar
S1\E\NYZAP231PF,R01\ACLN\AA10203\COS,能源站低压AP2-3CNXHSB1F,
S1\E\NYZAP231Ia,R01\ACLN\AA10203\Ia,能源站低压AP2-3CNXHSB1Ia,A
S1\E\NYZAP231Ib,R01\ACLN\AA10203\Ib,能源站低压AP2-3CNXHSB1Ib,A
S1\E\NYZAP231Ic,R01\ACLN\AA10203\Ic,能源站低压AP2-3CNXHSB1Ic,A
S1\E\NYZAP231AE,R01\ACLN\AA10203\Eptp,能源站低压AP2-3CNXHSB1电度,KWH
S1\E\NYZAP312AP,R01\ACLN\AA10301\P,能源站低压AP3-1CNXHSB2P,KW
S1\E\NYZAP312RP,R01\ACLN\AA10301\Q,能源站低压AP3-1CNXHSB2Q,Kvar
S1\E\NYZAP312PF,R01\ACLN\AA10301\COS,能F站低压AP3-1CNXHSB2P,
S1\E\NYZAP312Ia,R01\ACLN\AA10301\Ia,能源站低压AP3-1CNXHSB2Ia,A
S1\E\NYZAP312Ib,R01\ACLN\AA10301\Ib,能源站低压AP3-1CNXHSB2Ib,A
S1\E\NYZAP312Ic,R01\ACLN\AA10301\Ic,能源站低压AP3-1CNXHSB2Ic,A
S1\E\NYZAP312AE,R01\ACLN\AA10301\Eptp,能源站低压AP3-1CNXHSB2电度,KWH
S1\E\NYZAP322AP,R01\ACLN\AA10302\P,能源站低压AP3-2CNXHSB2P,KW
S1\E\NYZAP322RP,R01\ACLN\AA10302\Q,能源站低压AP3-2CNXHSB2Q,Kvar
S1\E\NYZAP322PF,R01\ACLN\AA10302\COS,能源站低压AP3-2CNXHSB2F,
S1\E\NYZAP322Ia,R01\ACLN\AA10302\Ia,能源站低压AP3-2CNXHSB2Ia,A
S1\E\NYZAP322Ib,R01\ACLN\AA10302\Ib,能源站低压AP3-2CNXHSB2Ib,A
S1\E\NYZAP322Ic,R01\ACLN\AA10302\Ic,能源站低压AP3-2CNXHSB2Ic,A
S1\E\NYZAP322AE,R01\ACLN\AA10302\Eptp,能源站低压AP3-2CNXHSB2电度,KWH
S1\E\NYZAP42AP,R01\ACLN\AA10402\P,能源站低压AP4-2发电机辅助电源P,KW
S1\E\NYZAP42RP,R01\ACLN\AA10402\Q,能源站低压AP4-2发电机辅助电源Q,Kvar
S1\E\NYZAP42PF,R01\ACLN\AA10402\COS,能源站低压AP4-2发电机辅助电源F,
S1\E\NYZAP42Ia,R01\ACLN\AA10402\Ia,能源站低压AP4-2发电机辅助电源Ia,A
S1\E\NYZAP42Ib,R01\ACLN\AA10402\Ib,能源站低压AP4-2发电机辅助电源Ib,A
S1\E\NYZAP42Ic,R01\ACLN\AA10402\Ic,能源站低压AP4-2发电机辅助电源Ic,A
S1\E\NYZAP42AE,R01\ACLN\AA10402\Eptp,能源站低压AP4-2发电机辅助电源电度,KWH
S1\E\FDJJXPPEJ,P01\ICG\ICG01\EposiActS,发电机正向尖有功电度,KWH
S1\E\FDJJXPPEF,P01\ICG\ICG01\EposiActP,发电机正向峰有功电度,KWH
S1\E\FDJJXPPEP,P01\ICG\ICG01\EposiActF,发电机正向平有功电度,KWH
S1\E\FDJJXPPEG,P01\ICG\ICG01\EposiActB,发电机正向谷有功电度,KWH
S1\E\FDJJXQPE,P01\ICG\ICG01\EposiReactT,能源站发电机正向无功电度,KWH
S1\E\FDJJXQRE,P01\ICG\ICG01\EposiActT,能源站发电机反向无功电度,KWH
S1\G\G_f,P01\ICG\ICG01\HZgen,发电机组输出频率,
S1\G\T_g_p,P01\ICG\ICG01\Pgen,发电机组输出有功功率,KW
S1\G\T_g_r_p,P01\ICG\ICG01\Qgen,发电机组输出无功功率,Kvar
S1\G\G_p_f,P01\ICG\ICG01\COSgen,发电机组功率因数,
S1\G\G_v_L1_L2,P01\ICG\ICG01\UgenAB,发电机输出AB线电压,KV
S1\G\G_v_L2_L3,P01\ICG\ICG01\UgenBC,发电机输出BC线电压,KV
S1\G\G_v_L3_L1,P01\ICG\ICG01\UgenCA,发电机输出CA线电压,KV
S1\G\G_v_L1_N,P01\ICG\ICG01\UgenA,发电机输出A相电压,KV
S1\G\G_v_L2_N,P01\ICG\ICG01\UgenB,发电机输出B相电压,KV
S1\G\G_v_L3_N,P01\ICG\ICG01\UgenC,发电机输出C相电压,KV
S1\G\G_c1,P01\ICG\ICG01\IgenA,发电机输出A相电流,A
S1\G\G_c2,P01\ICG\ICG01\IgenB,发电机输出B相电流,A
S1\G\G_c3,P01\ICG\ICG01\IgenC,发电机输出C相电流,A
S1\G\B1_F,P01\ICG\ICG01\HZbus,母排频率,
S1\G\B1_v_L1_L2,P01\ICG\ICG01\UbusAB,母排AB线电压,KV
S1\G\T_m_p,P01\ICG\ICG01\Pimport,市电输出功率,KW
S1\G\Ge_man_set,P01\ICG\ICG01\PmanuActive,发电机手动加载设定值,KW
S1\G\AO501,P01\ICG\ICG01\PplanActive,发电机计划给定有功功率,KW
S1\G\AO502,P01\ICG\ICG01\PbaslodActive,发电机基载有功功率,KW
S1\G\AO504,P01\ICG\ICG01\PimportMin,市电进线最小功率,KW
S1\G\Exhaust_T1,P01\ICG\ICG01\T1CylinderExh,发电机1号缸排气温度,℃
S1\G\Exhaust_T2,P01\ICG\ICG01\T2CylinderExh,发电机2号缸排气温度,℃
S1\G\Exhaust_T3,P01\ICG\ICG01\T3CylinderExh,发电机3号缸排气温度,℃
S1\G\Exhaust_T4,P01\ICG\ICG01\T4CylinderExh,发电机4号缸排气温度,℃
S1\G\Exhaust_T5,P01\ICG\ICG01\T5CylinderExh,发电机5号缸排气温度,℃
S1\G\Exhaust_T6,P01\ICG\ICG01\T6CylinderExh,发电机6号缸排气温度,℃
S1\G\Exhaust_T7,P01\ICG\ICG01\T7CylinderExh,发电机7号缸排气温度,℃
S1\G\Exhaust_T8,P01\ICG\ICG01\T8CylinderExh,发电机8号缸排气温度,℃
S1\G\Exhaust_T9,P01\ICG\ICG01\T9CylinderExh,发电机9号缸排气温度,℃
S1\G\Exhaust_T10,P01\ICG\ICG01\T10CylinderExh,发电机10号缸排气温度,℃
S1\G\Exhaust_T11,P01\ICG\ICG01\T11CylinderExh,发电机11号缸排气温度,℃
S1\G\Exhaust_T12,P01\ICG\ICG01\T12CylinderExh,发电机12号缸排气温度,℃
S1\G\Exhaust_T13,P01\ICG\ICG01\T13CylinderExh,发电机13号缸排气温度,℃
S1\G\Exhaust_T14,P01\ICG\ICG01\T14CylinderExh,发电机14号缸排气温度,℃
S1\G\Exhaust_T15,P01\ICG\ICG01\T15CylinderExh,发电机15号缸排气温度,℃
S1\G\Exhaust_T16,P01\ICG\ICG01\T16CylinderExh,发电机16号缸排气温度,℃
S1\G\Exhaust_T17,P01\ICG\ICG01\T17CylinderExh,发电机17号缸排气温度,℃
S1\G\Exhaust_T18,P01\ICG\ICG01\T18CylinderExh,发电机18号缸排气温度,℃
S1\G\Exhaust_T19,P01\ICG\ICG01\T19CylinderExh,发电机19号缸排气温度,℃
S1\G\Exhaust_T20,P01\ICG\ICG01\T20CylinderExh,发电机20号缸排气温度,℃
S1\G\Exhaust_left_T,P01\ICG\ICG01\TturboLeftIn,发电机左侧缸排气口排气温度,℃
S1\G\Exhaust_right_T,P01\ICG\ICG01\TturboRightIn,发电机右侧缸排气口排气温度,℃
S1\G\Battery_Voltage,P01\ICG\ICG01\UstMotBat,启动马达电池电压,V
S1\G\Oil_P,P01\ICG\ICG01\PAlube,发动机润滑油压力,Mpa
S1\G\Oil_T,P01\ICG\ICG01\Tlube,发动机润滑油温度,℃
S1\G\Speed,P01\ICG\ICG01\RPMengine,发动机速度,rpm
S1\G\Fuel_P,P01\ICG\ICG01\PAfuel1,燃气压力,Mpa
S1\G\Fuel_F,P01\ICG\ICG01\Ffuel1,燃气流量,Nm?/h
S1\P\P101A_FbFreq,P01\VFD\P101A\HZ,1号缸套水循环泵反馈频率,HZ
S1\P\P101A_Current,P01\VFD\P101A\I,1号缸套水循环泵反馈电流,A
S1\P\P101A_Power,P01\VFD\P101A\P,1号缸套水循环泵反馈功率,KW
S1\P\P101B_FbFreq,P01\VFD\P101B\HZ,2号缸套水循环泵反馈频率,HZ
S1\P\P101B_Current,P01\VFD\P101B\I,2号缸套水循环泵反馈电流,A
S1\P\P101B_Power,P01\VFD\P101B\P,2号缸套水循环泵反馈功率,KW
S1\P\P102A_FbFreq,P01\VFD\P102A\HZ,1号锅炉给水泵反馈频率,HZ
S1\P\P102A_Current,P01\VFD\P102A\I,1号锅炉给水泵反馈电流,A
S1\P\P102A_Power,P01\VFD\P102A\P,1号锅炉给水泵反馈功率,KW
S1\P\P102B_FbFreq,P01\VFD\P102B\HZ,2号锅炉给水泵反馈频率,HZ
S1\P\P102B_Current,P01\VFD\P102B\I,2号锅炉给水泵反馈电流,A
S1\P\P102B_Power,P01\VFD\P102B\P,2号锅炉给水泵反馈功率,KW
S1\P\P103A_FbFreq,P01\VFD\P103A\HZ,1号锅炉换热器循环反馈频率,HZ
S1\P\P103A_Current,P01\VFD\P103A\I,1号锅炉换热器循环反馈电流,A
S1\P\P103A_Power,P01\VFD\P103A\P,1号锅炉换热器循环反馈功率,KW
S1\P\P103B_FbFreq,P01\VFD\P103B\HZ,2号锅炉换热器循环反馈频率,HZ
S1\P\P103B_Current,P01\VFD\P103B\I,2号锅炉换热器循环反馈电流,A
S1\P\P103B_Power,P01\VFD\P103B\P,2号锅炉换热器循环反馈功率,KW
S1\P\P104A_FbFreq,P01\VFD\P104A\HZ,1号采暖循环泵反馈频率,HZ
S1\P\P104A_Current,P01\VFD\P104A\I,1号采暖循环泵反馈电流,A
S1\P\P104A_Power,P01\VFD\P104A\P,1号采暖循环泵反馈功率,KW
S1\P\P104B_FbFreq,P01\VFD\P104B\HZ,2号采暖循环泵反馈频率,HZ
S1\P\P104B_Current,P01\VFD\P104B\I,2号采暖循环泵反馈电流,A
S1\P\P104B_Power,P01\VFD\P104B\P,2号采暖循环泵反馈功率,KW
S1\P\P104C_FbFreq,P01\VFD\P104C\HZ,3号采暖循环泵反馈频率,HZ
S1\P\P104C_Current,P01\VFD\P104C\I,3号采暖循环泵反馈电流,A
S1\P\P104C_Power,P01\VFD\P104C\P,3号采暖循环泵反馈功率,KW
S1\P\P101A_PVin,P01\VFD\P101A\PIDpv,1号缸套水循环泵控制变量输入,Mpa
S1\P\P101A_YMAN,P01\VFD\P101A\HZvfdSet,1号缸套水循环泵手动操作值,HZ
S1\P\P101A_FbFreq1,P01\VFD\P101A\HZvfdFeedback,1号缸套水循环泵频率反馈,HZ
S1\P\P101A_YMAX,P01\VFD\P101A\PIDmax,1号缸套水循环泵PID输出上限,
S1\P\P101A_YMIN,P01\VFD\P101A\PIDmin,1号缸套水循环泵PID输出下限,
S1\P\P101A_GAIN,P01\VFD\P101A\PIDp,1号缸套水循环泵比例增益设定,
S1\P\P101A_TI,P01\VFD\P101A\PIDti,1号缸套水循环泵积分时间设定,
S1\P\P101A_TD,P01\VFD\P101A\PIDtd,1号缸套水循环泵微分时间设定,
S1\P\P101A_PIDout,P01\VFD\P101A\PIDout,1号缸套水循环泵PID输出值,
S1\P\P101B_PVin,P01\VFD\P101B\PIDpv,2号缸套水循环泵过程变量输入,Mpa
S1\P\P101B_YMAN,P01\VFD\P101B\HZvfdSet,2号缸套水循环泵手动操作值,HZ
S1\P\P101B_FbFreq1,P01\VFD\P101B\HZvfdFeedback,2号缸套水循环泵频率反馈,HZ
S1\P\P101B_YMAX,P01\VFD\P101B\PIDmax,2号缸套水循环泵PID输出上限,
S1\P\P101B_YMIN,P01\VFD\P101B\PIDmin,2号缸套水循环泵PID输出下限,
S1\P\P101B_GAIN,P01\VFD\P101B\PIDp,2号缸套水循环泵比例增益设定,
S1\P\P101B_TI,P01\VFD\P101B\PIDti,2号缸套水循环泵积分时间设定,
S1\P\P101B_TD,P01\VFD\P101B\PIDtd,2号缸套水循环泵微分时间设定,
S1\P\P101B_PIDout,P01\VFD\P101B\PIDout,2号缸套水循环泵PID输出值,
S1\P\P102A_PVin,P01\VFD\P102A\PIDpv,1号锅炉给水泵过程变量输入,Mpa
S1\P\P102A_YMAN,P01\VFD\P102A\HZvfdSet,1号锅炉给水泵手动操作值,HZ
S1\P\P102A_FbFreq1,P01\VFD\P102A\HZvfdFeedback,1号锅炉给水泵频率反馈,HZ
S1\P\P102A_YMAX,P01\VFD\P102A\PIDmax,1号锅炉给水泵PID输出上限,
S1\P\P102A_YMIN,P01\VFD\P102A\PIDmin,1号锅炉给水泵PID输出下限,
S1\P\P102A_GAIN,P01\VFD\P102A\PIDp,1号锅炉给水泵比例增益设定,
S1\P\P102A_TI,P01\VFD\P102A\PIDti,1号锅炉给水泵积分时间设定,
S1\P\P102A_TD,P01\VFD\P102A\PIDtd,1号锅炉给水泵微分时间设定,
S1\P\P102A_PIDout,P01\VFD\P102A\PIDout,1号锅炉给水泵PID输出值,
S1\P\P102B_PVin,P01\VFD\P102B\PIDpv,2号锅炉给水泵过程变量输入,Mpa
S1\P\P102B_YMAN,P01\VFD\P102B\HZvfdSet,2号锅炉给水泵手动操作值,HZ
S1\P\P102B_FbFreq1,P01\VFD\P102B\HZvfdFeedback,2号锅炉给水泵频率反馈,HZ
S1\P\P102B_YMAX,P01\VFD\P102B\PIDmax,2号锅炉给水泵PID输出上限,
S1\P\P102B_YMIN,P01\VFD\P102B\PIDmin,2号锅炉给水泵PID输出下限,
S1\P\P102B_GAIN,P01\VFD\P102B\PIDp,2号锅炉给水泵比例增益设定,
S1\P\P102B_TI,P01\VFD\P102B\PIDti,2号锅炉给水泵积分时间设定,
S1\P\P102B_TD,P01\VFD\P102B\PIDtd,2号锅炉给水泵微分时间设定,
S1\P\P102B_PIDout,P01\VFD\P102B\PIDout,2号锅炉给水泵PID输出值,
S1\P\P104A_PVin,P01\VFD\P104A\PIDpv,1号采暖循环泵过程变量输入,Mpa
S1\P\P104A_YMAN,P01\VFD\P104A\HZvfdSet,1号采暖循环泵手动操作值,HZ
S1\P\P104A_FbFreq1,P01\VFD\P104A\HZvfdFeedback,1号采暖循环泵频率反馈,HZ
S1\P\P104A_YMAX,P01\VFD\P104A\PIDmax,1号采暖循环泵PID输出上限,
S1\P\P104A_YMIN,P01\VFD\P104A\PIDmin,1号采暖循环泵PID输出下限,
S1\P\P104A_GAIN,P01\VFD\P104A\PIDp,1号采暖循环泵比例增益设定,
S1\P\P104A_TI,P01\VFD\P104A\PIDti,1号采暖循环泵积分时间设定,
S1\P\P104A_TD,P01\VFD\P104A\PIDtd,1号采暖循环泵微分时间设定,
S1\P\P104A_PIDout,P01\VFD\P104A\PIDout,1号采暖循环泵PID输出值,
S1\P\P104B_PVin,P01\VFD\P104B\PIDpv,2号采暖循环泵过程变量输入,Mpa
S1\P\P104B_YMAN,P01\VFD\P104B\HZvfdSet,2号采暖循环泵手动操作值,HZ
S1\P\P104B_FbFreq1,P01\VFD\P104B\HZvfdFeedback,2号采暖循环泵频率反馈,HZ
S1\P\P104B_YMAX,P01\VFD\P104B\PIDmax,2号采暖循环泵PID输出上限,
S1\P\P104B_YMIN,P01\VFD\P104B\PIDmin,2号采暖循环泵PID输出下限,
S1\P\P104B_GAIN,P01\VFD\P104B\PIDp,2号采暖循环泵比例增益设定,
S1\P\P104B_TI,P01\VFD\P104B\PIDti,2号采暖循环泵积分时间设定,
S1\P\P104B_TD,P01\VFD\P104B\PIDtd,2号采暖循环泵微分时间设定,
S1\P\P104B_PIDout,P01\VFD\P104B\PIDout,2号采暖循环泵PID输出值,
S1\P\P104C_PVin,P01\VFD\P104C\PIDpv,3号采暖循环泵过程变量输入,Mpa
S1\P\P104C_YMAN,P01\VFD\P104C\HZvfdSet,3号采暖循环泵手动操作值,HZ
S1\P\P104C_FbFreq1,P01\VFD\P104C\HZvfdFeedback,3号采暖循环泵频率反馈,HZ
S1\P\P104C_YMAX,P01\VFD\P104C\PIDmax,3号采暖循环泵PID输出上限,
S1\P\P104C_YMIN,P01\VFD\P104C\PIDmin,3号采暖循环泵PID输出下限,
S1\P\P104C_GAIN,P01\VFD\P104C\PIDp,3号采暖循环泵比例增益设定,
S1\P\P104C_TI,P01\VFD\P104C\PIDti,3号采暖循环泵积分时间设定,
S1\P\P104C_TD,P01\VFD\P104C\PIDtd,3号采暖循环泵微分时间设定,
S1\P\P104C_PIDout,P01\VFD\P104C\PIDout,3号采暖循环泵PID输出值,
S1\P\P103A_PVin,P01\VFD\P103A\PIDpv,1号锅炉换热器循环泵过程变量输入,Mpa
S1\P\P103A_YMAN,P01\VFD\P103A\HZvfdSet,1号锅炉换热器循环泵手动操作值,HZ
S1\P\P103A_FbFreq1,P01\VFD\P103A\HZvfdFeedback,1号锅炉换热器循环泵频率反馈,HZ
S1\P\P103A_YMAX,P01\VFD\P103A\PIDmax,1号锅炉换热器循环泵PID输出上限,
S1\P\P103A_YMIN,P01\VFD\P103A\PIDmin,1号锅炉换热器循环泵PID输出下限,
S1\P\P103A_GAIN,P01\VFD\P103A\PIDp,1号锅炉换热器循环泵比例增益设定,
S1\P\P103A_TI,P01\VFD\P103A\PIDti,1号锅炉换热器循环泵积分时间设定,
S1\P\P103A_TD,P01\VFD\P103A\PIDtd,1号锅炉换热器循环泵微分时间设定,
S1\P\P103A_PIDout,P01\VFD\P103A\PIDout,1号锅炉换热器循环泵PID输出值,
S1\P\P103B_PVin,P01\VFD\P103B\PIDpv,2号锅炉换热器循环泵过程变量输入,Mpa
S1\P\P103B_YMAN,P01\VFD\P103B\HZvfdSet,2号锅炉换热器循环泵手动操作值,HZ
S1\P\P103B_FbFreq1,P01\VFD\P103B\HZvfdFeedback,2号锅炉换热器循环泵频率反馈,HZ
S1\P\P103B_YMAX,P01\VFD\P103B\PIDmax,2号锅炉换热器循环泵PID输出上限,
S1\P\P103B_YMIN,P01\VFD\P103B\PIDmin,2号锅炉换热器循环泵PID输出下限,
S1\P\P103B_GAIN,P01\VFD\P103B\PIDp,2号锅炉换热器循环泵比例增益设定,
S1\P\P103B_TI,P01\VFD\P103B\PIDti,2号锅炉换热器循环泵积分时间设定,
S1\P\P103B_TD,P01\VFD\P103B\PIDtd,2号锅炉换热器循环泵微分时间设定,
S1\P\P103B_PIDout,P01\VFD\P103B\PIDout,2号锅炉换热器循环泵输出值,
S1\T\TI_101,P01\HX\HX03\TpriSideIn,TI_101_3号采暖板换一次侧进口温度,℃
S1\T\TI_102,P01\HX\HX03\TpriSideOut,TI_102_3号采暖板换一次侧出口温度,℃
S1\T\TI_103,P01\HX\HX03\TsecSideIn,TI_103_3号采暖板换二次侧进口温度,℃
S1\T\TI_104,P01\HX\HX03\TsecSideOut,TI_104_3号采暖板换二次侧出口温度,℃
S1\T\TI_105,P01\HRSG\HRSG01\Ts,TI_105_余热蒸汽锅炉蒸汽出口温度,℃
S1\T\TI_106,P01\MFOD\TI106\Tmfod,TI_106_采暖循环泵组采暖供水总管温度,℃
S1\T\TI_107,P01\MFOD\TI107\Tmfod,TI_107_生活热水进水温度,℃
S1\T\TI_108,P01\MFOD\HX12\Tmfod,TI_108_1号&2号板换一次侧出水总管温度,℃
S1\T\TI_109,P01\MFOD\TI109\Tmfod,TI_109_软化水箱出水总管温度,℃
S1\T\TI_110,P01\MFOD\TI110\Tmfod,TI_110_余热锅炉换热器出水管温度,℃
S1\T\PI_101,P01\HRSG\HRSG01\PAs,PI_101_余热蒸汽锅炉蒸汽出口压力,Mpa
S1\T\PI_102,P01\HRSG\HRSG01\PAw,PI_102_锅炉给水泵组后压力,Mpa
S1\T\PI_103,P01\MFOD\HTW\PAmfod1,PI_103_采暖循环泵组进口压力,Mpa
S1\T\PI_104,P01\MFOD\HTW\PAmfod2,PI_104_采暖循环泵组出口压力,Mpa
S1\T\PI_105,P01\MFOD\HTW\PAmfod3,PI_105_采暖供水总管压力,Mpa
S1\T\PI_106,P01\MFOD\ST\PAmfod,PI_106_1&2号板换一次侧进蒸汽总管压力,Mpa
S1\T\PI_107,P01\MFOD\HTW\PAmfod,PI_107_1&2号板换一次侧出水总管压力,Mpa
S1\T\PI_109,P01\HX\HX03\PAsecSideIn,3号采暖板换二次侧入口压力,Mpa
S1\T\PI_110,P01\HX\HX03\PAsecSideOut,3号采暖板换二次侧出口压力,Mpa
S1\T\PI_111,P01\MFOD\PI111\PAmfod,缸套水循环泵组出口总管压力,Mpa
S1\T\LT_101,P01\TANK\TANK01\Ltank,软化水箱液位,mm
S1\T\TI_001,P01\MOS\MOS01\Tatmosp,TI_001_环境气候室外温度,℃
S1\T\MI_001,P01\MOS\MOS01\Hatmosp,MI_001_环境气候室外湿度,%
S1\T\LT_102,P01\HRSG\HRSG01\Ldrum5,余热锅炉电接点液位计,mm
S1\T\FRQ_101_INS,P01\HRSG\HRSG01\Fs,余热蒸汽锅炉蒸汽出口流量瞬时流量,t/h
S1\T\FRQ_101_INT,P01\HRSG\HRSG01\FsInt,余热蒸汽锅炉蒸汽出口流量累计流量,t
S1\T\FRQ_102_INS,P01\HX\HX01\FpriSide,1号&2号板换一次侧蒸汽总管流量瞬时流量,t/h
S1\T\FRQ_102_INT,P01\HX\HX01\FpriSideInt,1号&2号板换一次侧蒸汽总管流量累计流量,t
S1\T\FRQ_103_INS,P01\ICG\ICG01\Fjw,燃气发电机缸套水进水流量瞬时流量,m?/h
S1\T\FRQ_104_INS,P01\HX\HX03\FsecSide,3号板换二次侧采暖水流量瞬时流量,m?/h
S1\T\FRQ_104_INT,P01\HX\HX03\FsecSideInt,3号板换二次侧采暖水流量累计流量,m?
S1\T\FRQ_105_INS,P01\HRSG\HRSG01\Fw,余热锅炉给水流量瞬时流量,m?/h
S1\T\FRQ_105_INT,P01\HRSG\HRSG01\FwInt,余热锅炉给水流量累计流量,m?
S1\T\FG_101_INT,P01\MFOD\TW\FwTotalInt,自来水进水总管流量表累计流量,m?
S1\T\UIQ_101_CALINS,P01\CEU\SHRS\PWheating,能源站对外供生活热水热量表瞬时热量,KW
S1\T\UIQ_101_INS,P01\CEU\SHRS\Fhw,能源站对外供生活热水热量表瞬时流量,m?/h
S1\T\UIQ_101_CALINT,P01\CEU\SHRS\PWheatingInt,能源站对外供生活热水热量表累计热量,KWH
S1\T\UIQ_101_INT,P01\CEU\SHRS\FhwInt,能源站对外供生活热水热量表累计流量,m?
S1\T\UIQ_101_SW,P01\CEU\SHRS\ThwIn,能源站对外供生活热水热量表供水温度,℃
S1\T\UIQ_101_RW,P01\CEU\SHRS\ThwOut,能源站对外供生活热水热量表回水温度,℃
S1\T\UIQ_102_CALINS,P01\CEU\CNZB\PWheating,能源站对外采暖总热量表瞬时热量,KW
S1\T\UIQ_102_INS,P01\CEU\CNZB\Fhw,能源站对外采暖总热量表瞬时流量,m?/h
S1\T\UIQ_102_CALINT,P01\CEU\CNZB\PWheatingInt,能源站对外采暖总热量表累计热量,KWH
S1\T\UIQ_102_INT,P01\CEU\CNZB\FhwInt,能源站对外采暖总热量表累计流量,m?
S1\T\UIQ_102_SW,P01\CEU\CNZB\ThwIn,能源站对外采暖总热量表供水温度,℃
S1\T\UIQ_102_RW,P01\CEU\CNZB\ThwOut,能源站对外采暖总热量表回水温度,℃
S1\T\UIQ_103_CALINS,P01\CEU\HX12\PWheating,1号&2号汽水板换二次侧采暖热量表瞬时热量,KW
S1\T\UIQ_103_INS,P01\CEU\HX12\Fhw,1号&2号汽水板换二次侧采暖热量表瞬时流量,m?/h
S1\T\UIQ_103_CALINT,P01\CEU\HX12\PWheatingInt,1号&2号汽水板换二次侧采暖热量表累计热量,KWH
S1\T\UIQ_103_INT,P01\CEU\HX12\FhwInt,1号&2号汽水板换二次侧采暖热量表累计流量,m?
S1\T\UIQ_103_SW,P01\CEU\HX12\ThwIn,1号&2号汽水板换二次侧采暖热量表供水温度,℃
S1\T\UIQ_103_RW,P01\CEU\HX12\ThwOut,1号&2号汽水板换二次侧采暖热量表回水温度,℃
S1\T\FRQ_001_INS,P01\ICG\ICG01\Ffuel5,燃气瞬时流量,Nm?/h
S1\T\TI_001_RANQI,P01\ICG\ICG01\Tfuel5,燃气温度,℃
S1\T\PI_001,P01\ICG\ICG01\PAfuel5,燃气压力,Mpa
S1\T\FRQ_001_INT,P01\ICG\ICG01\FfuelInt5,燃气累计流量,Nm?
S1\V\AV101_Yman,P01\CVAL\AV101\POSmanualSet,生活热水进水电动调节阀手动控制输出值,%
S1\V\AV101_feedback,P01\CVAL\AV101\POSfeedback,生活热水进水电动调节阀开度反馈,%
S1\V\AV101_auto_sp,P01\CVAL\AV101\POSautoSet,生活热水进水电动调节阀自动模式设定值,%
S1\V\AV101_Pvin,P01\CVAL\AV101\PIDpv,生活热水进水电动调节阀控制变量输入,Mpa
S1\V\AV101_GAIN,P01\CVAL\AV101\PIDp,生活热水进水电动调节阀比例增益设定,
S1\V\AV101_TI,P01\CVAL\AV101\PIDti,生活热水进水电动调节阀积分时间设定,
S1\V\AV101_TD,P01\CVAL\AV101\PIDtd,生活热水进水电动调节阀微分时间设定,
S1\V\AV101_Ymax,P01\CVAL\AV101\PIDmax,生活热水进水电动调节阀PID输出上限,
S1\V\AV101_Ymin,P01\CVAL\AV101\PIDmin,生活热水进水电动调节阀PID输出下限,
S1\V\AV101_PIDout,P01\CVAL\AV101\PIDout,生活热水进水电动调节阀PID输出值,
S1\V\AV102_Yman,P01\CVAL\AV102\POSmanualSet,采暖水进水电动调节阀手动控制输出值,%
S1\V\AV102_feedback,P01\CVAL\AV102\POSfeedback,采暖水进水电动调节阀开度反馈,%
S1\V\AV102_auto_sp,P01\CVAL\AV102\POSautoSet,采暖水进水电动调节阀自动模式设定值,Mpa
S1\V\AV102_Pvin,P01\CVAL\AV102\PIDpv,采暖水进水电动调节阀控制变量输入,Mpa
S1\V\AV102_GAIN,P01\CVAL\AV102\PIDp,采暖水进水电动调节阀比例增益设定,
S1\V\AV102_TI,P01\CVAL\AV102\PIDti,采暖水进水电动调节阀积分时间设定,
S1\V\AV102_TD,P01\CVAL\AV102\PIDtd,采暖水进水电动调节阀微分时间设定,
S1\V\AV102_Ymax,P01\CVAL\AV102\PIDmax,采暖水进水电动调节阀PID输出上限,
S1\V\AV102_Ymin,P01\CVAL\AV102\PIDmin,采暖水进水电动调节阀PID输出下限,
S1\V\AV102_PIDout,P01\CVAL\AV102\PIDout,采暖水进水电动调节阀PID输出值,
S1\V\AV103_Yman,P01\CVAL\AV103\POSmanualSet,蒸汽总管电动调节阀手动控制输出值,%
S1\V\AV103_feedback,P01\CVAL\AV103\POSfeedback,蒸汽总管电动调节阀开度反馈,%
S1\V\AV103_auto_sp,P01\CVAL\AV103\POSautoSet,蒸汽总管电动调节阀自动模式设定值,Mpa
S1\V\AV103_Pvin,P01\CVAL\AV103\PIDpv,蒸汽总管电动调节阀控制变量输入,Mpa
S1\V\AV103_GAIN,P01\CVAL\AV103\PIDp,蒸汽总管电动调节阀比例增益设定,
S1\V\AV103_TI,P01\CVAL\AV103\PIDti,蒸汽总管电动调节阀积分时间设定,
S1\V\AV103_TD,P01\CVAL\AV103\PIDtd,蒸汽总管电动调节阀微分时间设定,
S1\V\AV103_Ymax,P01\CVAL\AV103\PIDmax,蒸汽总管电动调节阀PID输出上限,
S1\V\AV103_Ymin,P01\CVAL\AV103\PIDmin,蒸汽总管电动调节阀PID输出下限,
S1\V\AV103_PIDout,P01\CVAL\AV103\PIDout,蒸汽总管电动调节阀PID输出值,
S1\V\AV104_Yman,P01\CVAL\AV104\POSmanualSet,余热锅炉蒸汽电动调节阀手动控制输出值,%
S1\V\AV104_feedback,P01\CVAL\AV104\POSfeedback,余热锅炉蒸汽电动调节阀开度反馈,%
S1\V\AV104_auto_sp,P01\CVAL\AV104\POSautoSet,余热锅炉蒸汽电动调节阀自动模式设定值,Mpa
S1\V\AV104_Pvin,P01\CVAL\AV104\PIDpv,余热锅炉蒸汽电动调节阀控制变量输入,Mpa
S1\V\AV104_GAIN,P01\CVAL\AV104\PIDp,余热锅炉蒸汽电动调节阀比例增益设定,
S1\V\AV104_TI,P01\CVAL\AV104\PIDti,余热锅炉蒸汽电动调节阀积分时间设定,
S1\V\AV104_TD,P01\CVAL\AV104\PIDtd,余热锅炉蒸汽电动调节阀微分时间设定,
S1\V\AV104_Ymax,P01\CVAL\AV104\PIDmax,余热锅炉蒸汽电动调节阀PID输出上限,
S1\V\AV104_Ymin,P01\CVAL\AV104\PIDmin,余热锅炉蒸汽电动调节阀PID输出下限,
S1\V\AV104_PIDout,P01\CVAL\AV104\PIDout,余热锅炉蒸汽电动调节阀PID输出值,
S2\T\TI_201,P11\HX\HX01\TpriSideIn,板换一次侧进口温度,℃
S2\T\TI_202,P11\HX\HX01\TpriSideOut,板换一次侧出口温度,℃
S2\T\TI_203,P11\CEU\BHH\ThwOut,学校分水器温度,℃
S2\T\TI_204,P11\CEU\BHH\ThwIn,学校集水器温度,℃
S2\T\PIT_201,P11\HX\HX01\PApriSideIn,板换组一次侧进水总管压力,Mpa
S2\T\PIT_202,P11\HX\HX01\PApriSideOut,板换组一次侧出水总管压力,
S2\T\UIQ_201_INS,P11\CEU\HX01\Fhw,板换组一次侧进水总管热量表瞬时流量,m?/h
S2\T\UIQ_201_INT,P11\CEU\HX01\FhwInt,板换组一次侧进水总管热量表累计流量(正向),m?
S2\T\UIQ_201_CALINS,P11\CEU\HX01\PWheating,板换组一次侧进水总管热量表瞬时热量,KW
S2\T\UIQ_201_CALINT,P11\CEU\HX01\PWheatingInt,板换组一次侧进水总管热量表累计热量,KWH
S2\T\UIQ_201_RW,P11\CEU\HX01\ThwIn,板换组一次侧进水总管热量表回水温度,℃
S2\T\UIQ_201_SW,P11\CEU\HX01\ThwOut,板换组一次侧进水总管热量表供水温度,℃
S2\V\AV201_auto_sp,P11\CVAL\AV201\POSautoSet,板换一次侧进水总管调节阀自动模式设定值,
S2\V\AV201_Pvin,P11\CVAL\AV201\PIDpv,板换一次侧进水总管调节阀控制变量输入,
S2\V\AV201_feedback,P11\CVAL\AV201\POSfeedback,板换一次侧进水总管调节阀开度反馈,%
S2\V\AV201_Yman,P11\CVAL\AV201\POSmanualSet,板换一次侧进水总管调节阀手动控制输出值,%
S2\V\AV201_GAIN,P11\CVAL\AV201\PIDp,板换一次侧进水总管调节阀比例增益设定,
S2\V\AV201_TI,P11\CVAL\AV201\PIDti,板换一次侧进水总管调节阀积分时间设定,
S2\V\AV201_TD,P11\CVAL\AV201\PIDtd,板换一次侧进水总管调节阀微分时间设定,
S2\V\AV201_PIDout,P11\CVAL\AV201\PIDout,板换一次侧进水总管调节阀PID输出值,
S2\V\AV201_Ymax,P11\CVAL\AV201\PIDmax,板换一次侧进水总管调节阀PID输出上限,
S2\V\AV201_Ymin,P11\CVAL\AV201\PIDmin,板换一次侧进水总管调节阀PID输出下限,
S3\P\P301A_FbFreq,P21\VFD\P301A\HZ,1号采暖循环泵组反馈频率,HZ
S3\P\P301A_Current,P21\VFD\P301A\I,1号采暖循环泵组反馈电流,A
S3\P\P301A_Power,P21\VFD\P301A\P,1号采暖循环泵组反馈功率,KW
S3\P\P301B_FbFreq,P21\VFD\P301B\HZ,2号采暖循环泵组反馈频率,HZ
S3\P\P301B_Current,P21\VFD\P301B\I,2号采暖循环泵组反馈电流,A
S3\P\P301B_Power,P21\VFD\P301B\P,2号采暖循环泵组反馈功率,KW
S3\P\P301A_PVin,P21\VFD\P301A\PIDpv,1号采暖循环泵组过程变量输入,
S3\P\P301A_YMAN,P21\VFD\P301A\HZvfdSet,1号采暖循环泵组手动操作值,%
S3\P\P301A_FbFreq1,P21\VFD\P301A\HZvfdFeedback,1号采暖循环泵组频率反馈,%
S3\P\P301A_YMAX,P21\VFD\P301A\PIDmax,1号采暖循环泵组PID输出上限,
S3\P\P301A_YMIN,P21\VFD\P301A\PIDmin,1号采暖循环泵组PID输出下限,
S3\P\P301A_GAIN,P21\VFD\P301A\PIDp,1号采暖循环泵组比例增益设定,
S3\P\P301A_TI,P21\VFD\P301A\PIDti,1号采暖循环泵组积分时间设定,
S3\P\P301A_TD,P21\VFD\P301A\PIDtd,1号采暖循环泵组微分时间设定,
S3\P\P301A_PIDout,P21\VFD\P301A\PIDout,1号采暖循环泵组PID输出值,
S3\P\P301B_PVin,P21\VFD\P301B\PIDpv,2号采暖循环泵组过程变量输入,
S3\P\P301B_YMAN,P21\VFD\P301B\HZvfdSet,2号采暖循环泵组手动操作值,%
S3\P\P301B_FbFreq1,P21\VFD\P301B\HZvfdFeedback,2号采暖循环泵组频率反馈,%
S3\P\P301B_YMAX,P21\VFD\P301B\PIDmax,2号采暖循环泵组PID输出上限,
S3\P\P301B_YMIN,P21\VFD\P301B\PIDmin,2号采暖循环泵组PID输出下限,
S3\P\P301B_GAIN,P21\VFD\P301B\PIDp,2号采暖循环泵组比例增益设定,
S3\P\P301B_TI,P21\VFD\P301B\PIDti,2号采暖循环泵组积分时间设定,
S3\P\P301B_TD,P21\VFD\P301B\PIDtd,2号采暖循环泵组微分时间设定,
S3\P\P301B_PIDout,P21\VFD\P301B\PIDout,2号采暖循环泵组输出值,
S3\T\TI_301,P21\HX\HXCN\TpriSideIn,采暖板换一次侧进口温度,℃
S3\T\TI_302,P21\HX\HXCN\TpriSideOut,采暖板换一次侧出口温度,℃
S3\T\TI_303,P21\HX\HXGL\TpriSideIn,供冷板换一次侧进水温度,℃
S3\T\TI_304,P21\HX\HXGL\TpriSideOut,供冷板换一次侧出水温度,℃
S3\T\TI_305A,P21\HX\HXCN\TsecSideIn,采暖板换二次侧入口温度,℃
S3\T\TI_305B,P21\HX\HXCN\TsecSideOut,采暖板换二次侧出水总管温度,℃
S3\T\TI_306,P21\HX\HXGL\TsecSideIn,供冷板换二次侧进水温度,℃
S3\T\PI_301,P21\MFOD\CHW01\PAmfod,冷/温水进水总管压力,Mpa
S3\T\PI_302,P21\MFOD\CHW02\PAmfod,冷/温水出水总管压力,Mpa
S3\T\PI_303,P21\MFOD\CHW03\PAmfod,采暖循环泵出水总管压力,Mpa
S3\T\FI_301_INS,P21\HX\HX01\FpriSide,采暖板换一次侧进水流量瞬时流量,m?/h
S3\T\FI_301_INT,P21\HX\HX01\FpriSideInt,采暖板换一次侧进水流量累计流量,m?
S3\T\FI_302_INS,P21\HX\HX02\FpriSide,供冷板换一次侧进水流量瞬时流量,m?/h
S3\T\FI_302_INT,P21\HX\HX02\FpriSideInt,供冷板换一次侧进水流量累计流量,m?
S3\T\UIQ_301_CALINS,P21\CEU\HX01\PWheating,采暖板换二次侧进水热量表瞬时热量,KW
S3\T\UIQ_301_INS,P21\CEU\HX01\Fhw,采暖板换二次侧进水热量表瞬时流量,m?/h
S3\T\UIQ_301_CALINT,P21\CEU\HX01\PWheatingInt,采暖板换二次侧进水热量表累计热量,KWH
S3\T\UIQ_301_INT,P21\CEU\HX01\FhwInt,采暖板换二次侧进水热量表累计流量,m?
S3\T\UIQ_301_SW,P21\CEU\HX01\ThwIn,采暖板换二次侧进水热量表供水温度,℃
S3\T\UIQ_301_RW,P21\CEU\HX01\ThwOut,采暖板换二次侧进水热量表回水温度,℃
S3\T\UIQ_302_CALINS,P21\CEU\HX02\PWheating,供冷板换二次侧出水冷量表瞬时冷量,KW
S3\T\UIQ_302_INS,P21\CEU\HX02\Fhw,供冷板换二次侧出水冷量表瞬时流量,m?/h
S3\T\UIQ_302_CALINT,P21\CEU\HX02\PWheatingInt,供冷板换二次侧出水冷量表累计冷量,KWH
S3\T\UIQ_302_INT,P21\CEU\HX02\FhwInt,供冷板换二次侧出水冷量表累计流量,m?
S3\T\UIQ_302_SW,P21\CEU\HX02\ThwIn,供冷板换二次侧出水冷量表供水温度,℃
S3\T\UIQ_302_RW,P21\CEU\HX02\ThwOut,供冷板换二次侧出水冷量表回水温度,℃
S3\V\AV301_Yman,P21\CVAL\AV104\POSmanualSet,泛能网进水总管调节阀手动控制输出值,%
S3\V\AV301_feedback,P21\CVAL\AV104\POSfeedback,泛能网进水总管调节阀开度反馈,%
S3\V\AV301_auto_sp,P21\CVAL\AV104\POSautoSet,泛能网进水总管调节阀自动模式设定值,
S3\V\AV301_Pvin,P21\CVAL\AV104\PIDpv,泛能网进水总管调节阀过程变量输入,
S3\V\AV301_GAIN,P21\CVAL\AV104\PIDp,泛能网进水总管调节阀比例增益设定,
S3\V\AV301_TI,P21\CVAL\AV104\PIDti,泛能网进水总管调节阀积分时间设定,
S3\V\AV301_TD,P21\CVAL\AV104\PIDtd,泛能网进水总管调节阀微分时间设定,
S3\V\AV301_Ymax,P21\CVAL\AV104\PIDmax,泛能网进水总管调节阀PID输出上限,
S3\V\AV301_Ymin,P21\CVAL\AV104\PIDmin,泛能网进水总管调节阀PID输出下限,
S3\V\AV301_PIDout,P21\CVAL\AV104\PIDout,泛能网进水总管调节阀PID输出值,
S4\P\P401A_FbFreq,P31\VFD\P401A\HZ,1号供冷一次侧循环泵反馈频率,
S4\P\P401A_Current,P31\VFD\P401A\I,1号供冷一次侧循环泵反馈电流,
S4\P\P401A_Power,P31\VFD\P401A\P,1号供冷一次侧循环泵反馈功率,
S4\P\P401B_FbFreq,P31\VFD\P401B\HZ,2号供冷一次侧循环泵反馈频率,
S4\P\P401B_Current,P31\VFD\P401B\I,2号供冷一次侧循环泵反馈电流,
S4\P\P401B_Power,P31\VFD\P401B\P,2号供冷一次侧循环泵反馈功率,
S4\P\P402A_FbFreq,P31\VFD\P402A\HZ,1号供冷二次侧循环泵反馈频率,
S4\P\P402A_Current,P31\VFD\P402A\I,1号供冷二次侧循环泵反馈电流,
S4\P\P402A_Power,P31\VFD\P402A\P,1号供冷二次侧循环泵反馈功率,
S4\P\P402B_FbFreq,P31\VFD\P402B\HZ,2号供冷二次侧循环泵反馈频率,
S4\P\P402B_Current,P31\VFD\P402B\I,2号供冷二次侧循环泵反馈电流,
S4\P\P402B_Power,P31\VFD\P402B\P,2号供冷二次侧循环泵反馈功率,
S4\P\P401A_PVin,P31\VFD\P401A\PIDpv,1号供冷一次侧循环泵过程变量输入,
S4\P\P401A_YMAN,P31\VFD\P401A\HZvfdSet,1号供冷一次侧循环泵手动操作值,
S4\P\P401A_FbFreq1,P31\VFD\P401A\HZvfdFeedback,1号供冷一次侧循环泵频率反馈,
S4\P\P401A_YMAX,P31\VFD\P401A\PIDmax,1号供冷一次侧循环泵PID输出上限,
S4\P\P401A_YMIN,P31\VFD\P401A\PIDmin,1号供冷一次侧循环泵PID输出下限,
S4\P\P401A_GAIN,P31\VFD\P401A\PIDp,1号供冷一次侧循环泵比例增益设定,
S4\P\P401A_TI,P31\VFD\P401A\PIDti,1号供冷一次侧循环泵积分时间设定,
S4\P\P401A_TD,P31\VFD\P401A\PIDtd,1号供冷一次侧循环泵微分时间设定,
S4\P\P401A_PIDout,P31\VFD\P401A\PIDout,1号供冷一次侧循环泵PID输出值,
S4\P\P401B_PVin,P31\VFD\P401B\PIDpv,2号供冷一次侧循环泵过程变量输入,
S4\P\P401B_YMAN,P31\VFD\P401B\HZvfdSet,2号供冷一次侧循环泵手动操作值,
S4\P\P401B_FbFreq1,P31\VFD\P401B\HZvfdFeedback,2号供冷一次侧循环泵频率反馈,
S4\P\P401B_YMAX,P31\VFD\P401B\PIDmax,2号供冷一次侧循环泵PID输出上限,
S4\P\P401B_YMIN,P31\VFD\P401B\PIDmin,2号供冷一次侧循环泵PID输出下限,
S4\P\P401B_GAIN,P31\VFD\P401B\PIDp,2号供冷一次侧循环泵比例增益设定,
S4\P\P401B_TI,P31\VFD\P401B\PIDti,2号供冷一次侧循环泵积分时间设定,
S4\P\P401B_TD,P31\VFD\P401B\PIDtd,2号供冷一次侧循环泵微分时间设定,
S4\P\P401B_PIDout,P31\VFD\P401B\PIDout,2号供冷一次侧循环泵PID输出值,
S4\P\P402A_PVin,P31\VFD\P402A\PIDpv,1号供冷二次侧循环泵过程变量输入,
S4\P\P402A_YMAN,P31\VFD\P402A\HZvfdSet,1号供冷二次侧循环泵手动操作值,
S4\P\P402A_FbFreq1,P31\VFD\P402A\HZvfdFeedback,1号供冷二次侧循环泵频率反馈,
S4\P\P402A_YMAX,P31\VFD\P402A\PIDmax,1号供冷二次侧循环泵PID输出上限,
S4\P\P402A_YMIN,P31\VFD\P402A\PIDmin,1号供冷二次侧循环泵PID输出下限,
S4\P\P402A_GAIN,P31\VFD\P402A\PIDp,1号供冷二次侧循环泵比例增益设定,
S4\P\P402A_TI,P31\VFD\P402A\PIDti,1号供冷二次侧循环泵积分时间设定,
S4\P\P402A_TD,P31\VFD\P402A\PIDtd,1号供冷二次侧循环泵微分时间设定,
S4\P\P402A_PIDout,P31\VFD\P402A\PIDout,1号供冷二次侧循环泵PID输出值,
S4\P\P402B_PVin,P31\VFD\P402B\PIDpv,2号供冷二次侧循环泵过程变量输入,
S4\P\P402B_YMAN,P31\VFD\P402B\HZvfdSet,2号供冷二次侧循环泵手动操作值,
S4\P\P402B_FbFreq1,P31\VFD\P402B\HZvfdFeedback,2号供冷二次侧循环泵频率反馈,
S4\P\P402B_YMAX,P31\VFD\P402B\PIDmax,2号供冷二次侧循环泵PID输出上限,
S4\P\P402B_YMIN,P31\VFD\P402B\PIDmin,2号供冷二次侧循环泵PID输出下限,
S4\P\P402B_GAIN,P31\VFD\P402B\PIDp,2号供冷二次侧循环泵比例增益设定,
S4\P\P402B_TI,P31\VFD\P402B\PIDti,2号供冷二次侧循环泵积分时间设定,
S4\P\P402B_TD,P31\VFD\P402B\PIDtd,2号供冷二次侧循环泵微分时间设定,
S4\P\P402B_PIDout,P31\VFD\P402B\PIDout,2号供冷二次侧循环泵PID输出值,
S4\T\TI_403,P31\HX\GL02\TpriSideIn,2号供冷板换一次侧进水温度,
S4\T\TI_404,P31\HX\GL02\TpriSideOut,2号供冷板换一次侧出水温度,
S4\T\TI_405,P31\HX\CN\TsecSideOut,采暖板换二侧出水温度,
S4\T\TI_406,P31\HX\GL01\TpriSideIn,1号供冷板换一次侧进水温度,
S4\T\TI_407,P31\HX\GL01\TpriSideOut,1号供冷板换一次侧出水温度,
S4\T\TI_408,P31\HX\GL02\TsecSideIn,2号供冷板换二次侧进水温度,
S4\T\TI_409,P31\HX\GL02\TsecSideOut,2号供冷板换二次侧出水温度,
S4\T\PI_403,P31\HX\GL02\PApriSideIn,2号供冷板换一次侧进水压力,
S4\T\PI_404,P31\HX\GL01\PApriSideIn,1号供冷板换二次侧进水压力,
S4\T\PI_407,P31\HX\GL02\PAsecSideOut,2号供冷板换二次侧出水压力,
S4\T\PM1_FAE,P31\ES\LS\Econsum,乐晟总用电量,
S4\T\UIQ_401_INS,P31\HX\CN\FpriSide,采暖板换一次侧出水热量表瞬时流量,
S4\T\UIQ_401_INT,P31\HX\CN\FpriSideInt,采暖板换一次侧出水热量表累计流量,
S4\T\UIQ_402_INS,P31\HX\GL01\FpriSide,1号供冷板换二次侧出水热量表瞬时流量,
S4\T\UIQ_402_INT,P31\HX\GL01\FpriSideInt,1号供冷板换二次侧出水热量表累计流量,
S4\T\UIQ_403_INS,P31\HX\GL02\FpriSide,2号供冷板换二次侧出水热量表瞬时流量,
S4\T\UIQ_403_INT,P31\HX\GL02\FpriSideInt,2号供冷板换二次侧出水热量表累计流量,
S4\V\AV401_Yman,P31\CVAL\AV401\POSmanualSet,采暖板换一次侧进水阀调节手动控制输出值,%
S4\V\AV401_feedback,P31\CVAL\AV401\POSfeedback,采暖板换一次侧进水阀调节阀位反馈,%
S4\V\AV401_auto_sp,P31\CVAL\AV401\POSautoSet,采暖板换一次侧进水阀调节阀自动设定值,
S4\V\AV401_Pvin,P31\CVAL\AV401\PIDpv,采暖板换一次侧进水阀调节阀过程变量,
S4\V\AV401_GAIN,P31\CVAL\AV401\PIDp,采暖板换一次侧进水阀调节阀比例系数,
S4\V\AV401_TI,P31\CVAL\AV401\PIDti,采暖板换一次侧进水阀调节阀积分时间,
S4\V\AV401_TD,P31\CVAL\AV401\PIDtd,采暖板换一次侧进水阀调节阀微分时间,
S4\V\AV401_PIDout,P31\CVAL\AV401\PIDout,采暖板换一次侧进水阀调节阀PID输出,
S4\V\AV402_Yman,P31\CVAL\AV402\POSmanualSet,1号供冷板换一次侧进水阀调节手动控制输出值,%
S4\V\AV402_feedback,P31\CVAL\AV402\POSfeedback,1号供冷板换一次侧进水阀调节阀位反馈,%
S4\V\AV402_auto_sp,P31\CVAL\AV402\POSautoSet,1号供冷板换一次侧进水阀调节阀自动设定值,
S4\V\AV402_Pvin,P31\CVAL\AV402\PIDpv,1号供冷板换一次侧进水阀调节阀过程变量,
S4\V\AV402_GAIN,P31\CVAL\AV402\PIDp,1号供冷板换一次侧进水阀调节阀比例系数,
S4\V\AV402_TI,P31\CVAL\AV402\PIDti,1号供冷板换一次侧进水阀调节阀积分时间,
S4\V\AV402_TD,P31\CVAL\AV402\PIDtd,1号供冷板换一次侧进水阀调节阀微分时间,
S4\V\AV402_PIDout,P31\CVAL\AV402\PIDout,1号供冷板换一次侧进水阀调节阀PID输出,
S4\V\AV403_Yman,P31\CVAL\AV403\POSmanualSet,设计大厦供冷管联通阀调节手动控制输出值,%
S4\V\AV403_feedback,P31\CVAL\AV403\POSfeedback,设计大厦供冷管联通阀调节阀位反馈,%
S4\V\AV403_auto_sp,P31\CVAL\AV403\POSautoSet,设计大厦供冷管联通阀调节阀自动设定值,
S4\V\AV403_Pvin,P31\CVAL\AV403\PIDpv,设计大厦供冷管联通阀调节阀过程变量,
S4\V\AV403_GAIN,P31\CVAL\AV403\PIDp,设计大厦供冷管联通阀调节阀比例系数,
S4\V\AV403_TI,P31\CVAL\AV403\PIDti,设计大厦供冷管联通阀调节阀积分时间,
S4\V\AV403_TD,P31\CVAL\AV403\PIDtd,设计大厦供冷管联通阀调节阀微分时间,
S4\V\AV403_PIDout,P31\CVAL\AV403\PIDout,设计大厦供冷管联通阀调节阀PID输出,
S3\T\PM1_FAE,P21\ES\XCY\Econsum,新朝阳用电量（ＫＷＨ）,KWH
S1\E\BQ245CBL,R01\BK\AH14501\POSbk,BQ245母联开关位置,
S1\E\BQ245HCL,R01\BK\AH14501\POShdcart,BQ245母联手车位置,
S1\E\BQ211CBL,R01\BK\AH10101\POSbk,BQ211会展楼1#变开关位置,
S1\E\BQ211HCL,R01\BK\AH10101\POShdcart,BQ211会展楼1#变手车位置,
S1\E\BQ212CBL,R01\BK\AH10201\POSbk,BQ212B座楼1#变开关位置,
S1\E\BQ212HCL,R01\BK\AH10201\POShdcart,BQ212B座楼1#变手车位置,
S1\E\BQ213CBL,R01\BK\AH10301\POSbk,BQ213一号变开关位置,
S1\E\BQ213HCL,R01\BK\AH10301\POShdcart,BQ213一号变手车位置,
S1\E\BQ214CBL,R01\BK\AH10401\POSbk,BQ214三号变开关位置,
S1\E\BQ214HCL,R01\BK\AH10401\POShdcart,BQ214三号变手车位置,
S1\E\BQ215CBL,R01\BK\AH10501\POSbk,BQ215国际宾馆1#变开关位置,
S1\E\BQ215HCL,R01\BK\AH10501\POShdcart,BQ215国际宾馆1#变手车位置,
S1\E\BQ216CBL,R01\BK\AH10601\POSbk,BQ216热力三处1#变开关位置,
S1\E\BQ216HCL,R01\BK\AH10601\POShdcart,BQ216热力三处1#变手车位置,
S1\E\BQ217CBL,R01\BK\AH10701\POSbk,BQ217管道四公司开关位置,
S1\E\BQ217HCL,R01\BK\AH10701\POShdcart,BQ217管道四公司手车位置,
S1\E\BQ218CBL,R01\BK\AH10801\POSbk,BQ218国际花园1#变开关位置,
S1\E\BQ218HCL,R01\BK\AH10801\POShdcart,BQ218国际花园1#变手车位置,
S1\E\BQ221CBL,R01\BK\AH20101\POSbk,BQ221会展楼2#变开关位置,
S1\E\BQ221HCL,R01\BK\AH20101\POShdcart,BQ221会展楼2#变手车位置,
S1\E\BQ222CBL,R01\BK\AH20201\POSbk,BQ222B座楼2#变开关位置,
S1\E\BQ222HCL,R01\BK\AH20201\POShdcart,BQ222B座楼2#变手车位置,
S1\E\BQ223CBL,R01\BK\AH20301\POSbk,BQ223二号变开关位置,
S1\E\BQ223HCL,R01\BK\AH20301\POShdcart,BQ223二号变手车位置,
S1\E\BQ224CBL,R01\BK\AH20401\POSbk,BQ224四号变开关位置,
S1\E\BQ224HCL,R01\BK\AH20401\POShdcart,BQ224四号变手车位置,
S1\E\BQ225CBL,R01\BK\AH20501\POSbk,BQ225国际宾馆2#变开关位置,
S1\E\BQ225HCL,R01\BK\AH20501\POShdcart,BQ225国际宾馆2#变手车位置,
S1\E\BQ226CBL,R01\BK\AH20601\POSbk,BQ226热力三处2#变开关位置,
S1\E\BQ226HCL,R01\BK\AH20601\POShdcart,BQ226热力三处2#变手车位置,
S1\E\BQ227CBL,R01\BK\AH20701\POSbk,BQ227国际花园2#变开关位置,
S1\E\BQ227HCL,R01\BK\AH20701\POShdcart,BQ227国际花园2#变手车位置,
S1\E\FDJJXHCW,P01\ICG\ICG01\SThandcartOn,发电机进线手车工作位置,
S1\E\FDJJXCBR,P01\ICG\ICG01\ORDgcbBrekOn,发电机进线断路器合位,
S1\E\FDJJXCBS,P01\ICG\ICG01\ORDgcbBrekOff,发电机进线断路器分位,
S1\E\FDJJXF,P01\ICG\ICG01\FLTgen,发电机进线发电机本体事故,
S1\G\DI_SALARM,P01\ICG\ICG01\ALMgen,发电机警告,
S1\G\DI_REMOTE,P01\ICG\ICG01\MgriCabRemCtrl,发电机远程,
S1\G\DI_autoCombined,P01\ICG\ICG01\MgenRemCtrl,发电机自动,
S1\G\DI_fault,P01\ICG\ICG01\FLT,机组故障,
S1\G\DO_Combine,P01\ICG\ICG01\STgriStart,远程并网启动,
S1\G\ge_open,P01\ICG\ICG01\ORDstartUp,发电机启动,
S1\G\ge_stop,P01\ICG\ICG01\ORDshutDown,发电机停止,
S1\G\ge_add_,P01\ICG\ICG01\STgenLoading,发电机加载显示,
S1\G\ge_sub_,P01\ICG\ICG01\STgenUnload,发电机减载标志,
S1\G\Detonation_L1,P01\ICG\ICG01\COE1knock,1号缸爆震系数,
S1\G\Detonation_L3,P01\ICG\ICG01\COE3knock,3号缸爆震系数,
S1\G\Detonation_L5,P01\ICG\ICG01\COE5knock,5号缸爆震系数,
S1\G\Detonation_L7,P01\ICG\ICG01\COE7knock,7号缸爆震系数,
S1\G\Detonation_L9,P01\ICG\ICG01\COE9knock,9号缸爆震系数,
S1\G\Detonation_L11,P01\ICG\ICG01\COE11knock,11号缸爆震系数,
S1\G\Detonation_L13,P01\ICG\ICG01\COE13knock,13号缸爆震系数,
S1\G\Detonation_L15,P01\ICG\ICG01\COE15knock,15号缸爆震系数,
S1\G\Detonation_L71,P01\ICG\ICG01\COE17knock,17号缸爆震系数,
S1\G\Detonation_L19,P01\ICG\ICG01\COE19knock,19号缸爆震系数,
S1\G\Detonation_L2,P01\ICG\ICG01\COE2knock,2号缸爆震系数,
S1\G\Detonation_L4,P01\ICG\ICG01\COE4knock,4号缸爆震系数,
S1\G\Detonation_L6,P01\ICG\ICG01\COE6knock,6号缸爆震系数,
S1\G\Detonation_L8,P01\ICG\ICG01\COE8knock,8号缸爆震系数,
S1\G\Detonation_L10,P01\ICG\ICG01\COE10knock,10号缸爆震系数,
S1\G\Detonation_L12,P01\ICG\ICG01\COE12knock,12号缸爆震系数,
S1\G\Detonation_L14,P01\ICG\ICG01\COE14knock,14号缸爆震系数,
S1\G\Detonation_L16,P01\ICG\ICG01\COE16knock,16号缸爆震系数,
S1\G\Detonation_L18,P01\ICG\ICG01\COE18knock,18号缸爆震系数,
S1\G\Detonation_L20,P01\ICG\ICG01\COE20knock,20号缸爆震系数,
S1\G\rhb_run,P01\ICG\ICG01\STpreLube,预润滑泵运行,
S1\G\qzfj_run,P01\ICG\ICG01\STcrankfan,曲轴风机箱运行,
S1\G\qzfj_power,P01\ICG\ICG01\STcrankFanOff,曲轴风机箱电源开关分闸,
S1\G\zlsx_run,P01\ICG\ICG01\STicwp,中冷水水箱变频器运行,
S1\G\zlsx_fault,P01\ICG\ICG01\FLTicwcFanVFD,中冷水水箱变频器故障,
S1\G\gyzjfj_fault,P01\ICG\ICG01\FLTencFanVFD,隔音罩进风变频风机故障,
S1\G\zlsx_l,P01\ICG\ICG01\ALMicwcWLL,中冷水箱低水位,
S1\P\P102A_error,P01\VFD\P102A\STcomuErr,1号锅炉给水泵读取错误,
S1\P\P102B_error,P01\VFD\P102B\STcomuErr,2号锅炉给水泵读取错误,
S1\P\P103A_error,P01\VFD\P103A\STcomuErr,1号锅炉换热器循环读取错误,
S1\P\P103B_error,P01\VFD\P103B\STcomuErr,2号锅炉换热器循环读取错误,
S1\P\P104A_error,P01\VFD\P104A\STcomuErr,1号采暖循环泵读取错误,
S1\P\P104B_error,P01\VFD\P104B\STcomuErr,2号采暖循环泵读取错误,
S1\P\P104C_error,P01\VFD\P104C\STcomuErr,3号采暖循环泵读取错误,
S1\P\P101A_enable,P01\PUMP\P101A\STenable,1号缸套水循环泵使能,
S1\P\P101A_ready,P01\PUMP\P101A\STready,1号缸套水循环泵准备好,
S1\P\P101A_remote,P01\PUMP\P101A\STremote,1号缸套水循环泵远程,
S1\P\P101A_local,P01\PUMP\P101A\STlocal,1号缸套水循环泵本地,
S1\P\P101A_run,P01\PUMP\P101A\STrun,1号缸套水循环泵运行,
S1\P\P101A_fault,P01\PUMP\P101A\FLT,1号缸套水循环泵故障,
S1\P\P101A_reset,P01\PUMP\P101A\ORDreset,1号缸套水循环泵复位,
S1\P\P101A_auto_model,P01\PUMP\P101A\ORDauto,1号缸套水循环泵自动模式,
S1\P\P101A_auto_start,P01\PUMP\P101A\ORDautoStart,1号缸套水循环泵自动启动,
S1\P\P101A_auto_stop,P01\PUMP\P101A\ORDautoStop,1号缸套水循环泵自动停止,
S1\P\P101A_hmi_model,P01\PUMP\P101A\ORDmanu,1号缸套水循环泵HMI手动模式,
S1\P\P101A_hmi_start,P01\PUMP\P101A\ORDmanuStart,1号缸套水循环泵HMI手动启动,
S1\P\P101A_hmi_stop,P01\PUMP\P101A\ORDmanuStop,1号缸套水循环泵HMI手动停止,
S1\P\P101A_opt_model,P01\PUMP\P101A\ORDopt,1号缸套水循环泵优化平台模式,
S1\P\P101A_opt_start,P01\PUMP\P101A\ORDoptStart,1号缸套水循环泵优化平台启动,
S1\P\P101A_opt_stop,P01\PUMP\P101A\ORDoptStop,1号缸套水循环泵优化平台停止,
S1\P\P101A_Hour,P01\PUMP\P101A\DURrunHr,1号缸套水循环泵累积运行小时,
S1\P\P101A_Minite,P01\PUMP\P101A\DURrunMin,1号缸套水循环泵累积运行分钟,
S1\P\P101B_enable,P01\PUMP\P101B\STenable,2号缸套水循环泵使能,
S1\P\P101B_ready,P01\PUMP\P101B\STready,2号缸套水循环泵准备好,
S1\P\P101B_remote,P01\PUMP\P101B\STremote,2号缸套水循环泵远程,
S1\P\P101B_local,P01\PUMP\P101B\STlocal,2号缸套水循环泵本地,
S1\P\P101B_run,P01\PUMP\P101B\STrun,2号缸套水循环泵运行,
S1\P\P101B_fault,P01\PUMP\P101B\FLT,2号缸套水循环泵故障,
S1\P\P101B_reset,P01\PUMP\P101B\ORDreset,2号缸套水循环泵复位,
S1\P\P101B_auto_model,P01\PUMP\P101B\ORDauto,2号缸套水循环泵自动模式,
S1\P\P101B_auto_start,P01\PUMP\P101B\ORDautoStart,2号缸套水循环泵自动启动,
S1\P\P101B_auto_stop,P01\PUMP\P101B\ORDautoStop,2号缸套水循环泵自动停止,
S1\P\P101B_hmi_model,P01\PUMP\P101B\ORDmanu,2号缸套水循环泵HMI手动模式,
S1\P\P101B_hmi_start,P01\PUMP\P101B\ORDmanuStart,2号缸套水循环泵HMI手动启动,
S1\P\P101B_hmi_stop,P01\PUMP\P101B\ORDmanuStop,2号缸套水循环泵HMI手动停止,
S1\P\P101B_opt_model,P01\PUMP\P101B\ORDopt,2号缸套水循环泵优化平台模式,
S1\P\P101B_opt_start,P01\PUMP\P101B\ORDoptStart,2号缸套水循环泵优化平台启动,
S1\P\P101B_opt_stop,P01\PUMP\P101B\ORDoptStop,2号缸套水循环泵优化平台停止,
S1\P\P101B_Hour,P01\PUMP\P101B\DURrunHr,2号缸套水循环泵运行小时,
S1\P\P101B_Minite,P01\PUMP\P101B\DURrunMin,2号缸套水循环泵运行分钟,
S1\P\P102A_enable,P01\PUMP\P102A\STenable,1号锅炉给水泵使能,
S1\P\P102A_ready,P01\PUMP\P102A\STready,1号锅炉给水泵准备好,
S1\P\P102A_remote,P01\PUMP\P102A\STremote,1号锅炉给水泵远程,
S1\P\P102A_local,P01\PUMP\P102A\STlocal,1号锅炉给水泵本地,
S1\P\P102A_run,P01\PUMP\P102A\STrun,1号锅炉给水泵运行,
S1\P\P102A_fault,P01\PUMP\P102A\FLT,1号锅炉给水泵故障,
S1\P\P102A_reset,P01\PUMP\P102A\ORDreset,1号锅炉给水泵复位,
S1\P\P102A_auto_model,P01\PUMP\P102A\ORDauto,1号锅炉给水泵自动模式,
S1\P\P102A_auto_start,P01\PUMP\P102A\ORDautoStart,1号锅炉给水泵自动启动,
S1\P\P102A_auto_stop,P01\PUMP\P102A\ORDautoStop,1号锅炉给水泵自动停止,
S1\P\P102A_hmi_model,P01\PUMP\P102A\ORDmanu,1号锅炉给水泵HMI手动模式,
S1\P\P102A_hmi_start,P01\PUMP\P102A\ORDmanuStart,1号锅炉给水泵HMI手动启动,
S1\P\P102A_hmi_stop,P01\PUMP\P102A\ORDmanuStop,1号锅炉给水泵HMI手动停止,
S1\P\P102A_opt_model,P01\PUMP\P102A\ORDopt,1号锅炉给水泵优化平台模式,
S1\P\P102A_opt_start,P01\PUMP\P102A\ORDoptStart,1号锅炉给水泵优化平台启动,
S1\P\P102A_opt_stop,P01\PUMP\P102A\ORDoptStop,1号锅炉给水泵优化平台停止,
S1\P\P102A_Hour,P01\PUMP\P102A\DURrunHr,1号锅炉给水泵运行小时,
S1\P\P102A_Minite,P01\PUMP\P102A\DURrunMin,1号锅炉给水泵运行分钟,
S1\P\P102B_enable,P01\PUMP\P102B\STenable,2号锅炉给水泵使能,
S1\P\P102B_ready,P01\PUMP\P102B\STready,2号锅炉给水泵准备好,
S1\P\P102B_remote,P01\PUMP\P102B\STremote,2号锅炉给水泵远程,
S1\P\P102B_local,P01\PUMP\P102B\STlocal,2号锅炉给水泵本地,
S1\P\P102B_run,P01\PUMP\P102B\STrun,2号锅炉给水泵运行,
S1\P\P102B_fault,P01\PUMP\P102B\FLT,2号锅炉给水泵故障,
S1\P\P102B_reset,P01\PUMP\P102B\ORDreset,2号锅炉给水泵复位,
S1\P\P102B_auto_model,P01\PUMP\P102B\ORDauto,2号锅炉给水泵自动模式,
S1\P\P102B_auto_start,P01\PUMP\P102B\ORDautoStart,2号锅炉给水泵自动启动,
S1\P\P102B_auto_stop,P01\PUMP\P102B\ORDautoStop,2号锅炉给水泵自动停止,
S1\P\P102B_hmi_model,P01\PUMP\P102B\ORDmanu,2号锅炉给水泵HMI手动模式,
S1\P\P102B_hmi_start,P01\PUMP\P102B\ORDmanuStart,2号锅炉给水泵HMI手动启动,
S1\P\P102B_hmi_stop,P01\PUMP\P102B\ORDmanuStop,2号锅炉给水泵HMI手动停止,
S1\P\P102B_opt_model,P01\PUMP\P102B\ORDopt,2号锅炉给水泵优化平台模式,
S1\P\P102B_opt_start,P01\PUMP\P102B\ORDoptStart,2号锅炉给水泵优化平台启动,
S1\P\P102B_opt_stop,P01\PUMP\P102B\ORDoptStop,2号锅炉给水泵优化平台停止,
S1\P\P102B_Hour,P01\PUMP\P102B\DURrunHr,2号锅炉给水泵运行小时,
S1\P\P102B_Minite,P01\PUMP\P102B\DURrunMin,2号锅炉给水泵运行分钟,
S1\P\P104A_enable,P01\PUMP\P104A\STenable,1号采暖循环泵使能,
S1\P\P104A_ready,P01\PUMP\P104A\STready,1号采暖循环泵准备好,
S1\P\P104A_remote,P01\PUMP\P104A\STremote,1号采暖循环泵远程,
S1\P\P104A_local,P01\PUMP\P104A\STlocal,1号采暖循环泵本地,
S1\P\P104A_run,P01\PUMP\P104A\STrun,1号采暖循环泵运行,
S1\P\P104A_fault,P01\PUMP\P104A\FLT,1号采暖循环泵故障,
S1\P\P104A_reset,P01\PUMP\P104A\ORDreset,1号采暖循环泵复位,
S1\P\P104A_auto_model,P01\PUMP\P104A\ORDauto,1号采暖循环泵自动模式,
S1\P\P104A_auto_start,P01\PUMP\P104A\ORDautoStart,1号采暖循环泵自动启动,
S1\P\P104A_auto_stop,P01\PUMP\P104A\ORDautoStop,1号采暖循环泵自动停止,
S1\P\P104A_hmi_model,P01\PUMP\P104A\ORDmanu,1号采暖循环泵HMI手动模式,
S1\P\P104A_hmi_start,P01\PUMP\P104A\ORDmanuStart,1号采暖循环泵HMI手动启动,
S1\P\P104A_hmi_stop,P01\PUMP\P104A\ORDmanuStop,1号采暖循环泵HMI手动停止,
S1\P\P104A_opt_model,P01\PUMP\P104A\ORDopt,1号采暖循环泵优化平台模式,
S1\P\P104A_opt_start,P01\PUMP\P104A\ORDoptStart,1号采暖循环泵优化平台启动,
S1\P\P104A_opt_stop,P01\PUMP\P104A\ORDoptStop,1号采暖循环泵优化平台停止,
S1\P\P104A_Hour,P01\PUMP\P104A\DURrunHr,1号采暖循环泵运行小时,
S1\P\P104A_Minite,P01\PUMP\P104A\DURrunMin,1号采暖循环泵运行分钟,
S1\P\P104B_enable,P01\PUMP\P104B\STenable,2号采暖循环泵使能,
S1\P\P104B_ready,P01\PUMP\P104B\STready,2号采暖循环泵准备好,
S1\P\P104B_remote,P01\PUMP\P104B\STremote,2号采暖循环泵远程,
S1\P\P104B_local,P01\PUMP\P104B\STlocal,2号采暖循环泵本地,
S1\P\P104B_run,P01\PUMP\P104B\STrun,2号采暖循环泵运行,
S1\P\P104B_fault,P01\PUMP\P104B\FLT,2号采暖循环泵故障,
S1\P\P104B_reset,P01\PUMP\P104B\ORDreset,2号采暖循环泵复位,
S1\P\P104B_auto_model,P01\PUMP\P104B\ORDauto,2号采暖循环泵自动模式,
S1\P\P104B_auto_start,P01\PUMP\P104B\ORDautoStart,2号采暖循环泵自动启动,
S1\P\P104B_auto_stop,P01\PUMP\P104B\ORDautoStop,2号采暖循环泵自动停止,
S1\P\P104B_hmi_model,P01\PUMP\P104B\ORDmanu,2号采暖循环泵HMI手动模式,
S1\P\P104B_hmi_start,P01\PUMP\P104B\ORDmanuStart,2号采暖循环泵HMI手动启动,
S1\P\P104B_hmi_stop,P01\PUMP\P104B\ORDmanuStop,2号采暖循环泵HMI手动停止,
S1\P\P104B_opt_model,P01\PUMP\P104B\ORDopt,2号采暖循环泵优化平台模式,
S1\P\P104B_opt_start,P01\PUMP\P104B\ORDoptStart,2号采暖循环泵优化平台启动,
S1\P\P104B_opt_stop,P01\PUMP\P104B\ORDoptStop,2号采暖循环泵优化平台停止,
S1\P\P104B_Hour,P01\PUMP\P104B\DURrunHr,2号采暖循环泵运行小时,
S1\P\P104B_Minite,P01\PUMP\P104B\DURrunMin,2号采暖循环泵运行分钟,
S1\P\P104C_enable,P01\PUMP\P104C\STenable,3号采暖循环泵使能,
S1\P\P104C_ready,P01\PUMP\P104C\STready,3号采暖循环泵准备好,
S1\P\P104C_remote,P01\PUMP\P104C\STremote,3号采暖循环泵远程,
S1\P\P104C_local,P01\PUMP\P104C\STlocal,3号采暖循环泵本地,
S1\P\P104C_run,P01\PUMP\P104C\STrun,3号采暖循环泵运行,
S1\P\P104C_fault,P01\PUMP\P104C\FLT,3号采暖循环泵故障,
S1\P\P104C_reset,P01\PUMP\P104C\ORDreset,3号采暖循环泵复位,
S1\P\P104C_auto_model,P01\PUMP\P104C\ORDauto,3号采暖循环泵自动模式,
S1\P\P104C_auto_start,P01\PUMP\P104C\ORDautoStart,3号采暖循环泵自动启动,
S1\P\P104C_auto_stop,P01\PUMP\P104C\ORDautoStop,3号采暖循环泵自动停止,
S1\P\P104C_hmi_model,P01\PUMP\P104C\ORDmanu,3号采暖循环泵HMI手动模式,
S1\P\P104C_hmi_start,P01\PUMP\P104C\ORDmanuStart,3号采暖循环泵HMI手动启动,
S1\P\P104C_hmi_stop,P01\PUMP\P104C\ORDmanuStop,3号采暖循环泵HMI手动停止,
S1\P\P104C_opt_model,P01\PUMP\P104C\ORDopt,3号采暖循环泵优化平台模式,
S1\P\P104C_opt_start,P01\PUMP\P104C\ORDoptStart,3号采暖循环泵优化平台启动,
S1\P\P104C_opt_stop,P01\PUMP\P104C\ORDoptStop,3号采暖循环泵优化平台停止,
S1\P\P104C_Hour,P01\PUMP\P104C\DURrunHr,3号采暖循环泵运行小时,
S1\P\P104C_Minite,P01\PUMP\P104C\DURrunMin,3号采暖循环泵运行分钟,
S1\P\P103A_enable,P01\PUMP\P103A\STenable,1号锅炉换热器循环泵使能,
S1\P\P103A_ready,P01\PUMP\P103A\STready,1号锅炉换热器循环泵准备好,
S1\P\P103A_remote,P01\PUMP\P103A\STremote,1号锅炉换热器循环泵远程,
S1\P\P103A_local,P01\PUMP\P103A\STlocal,1号锅炉换热器循环泵本地,
S1\P\P103A_run,P01\PUMP\P103A\STrun,1号锅炉换热器循环泵运行,
S1\P\P103A_fault,P01\PUMP\P103A\FLT,1号锅炉换热器循环泵故障,
S1\P\P103A_reset,P01\PUMP\P103A\ORDreset,1号锅炉换热器循环泵复位,
S1\P\P103A_auto_model,P01\PUMP\P103A\ORDauto,1号锅炉换热器循环泵自动模式,
S1\P\P103A_auto_start,P01\PUMP\P103A\ORDautoStart,1号锅炉换热器循环泵自动启动,
S1\P\P103A_auto_stop,P01\PUMP\P103A\ORDautoStop,1号锅炉换热器循环泵自动停止,
S1\P\P103A_hmi_model,P01\PUMP\P103A\ORDmanu,1号锅炉换热器循环泵HMI手动模式,
S1\P\P103A_hmi_start,P01\PUMP\P103A\ORDmanuStart,1号锅炉换热器循环泵HMI手动启动,
S1\P\P103A_hmi_stop,P01\PUMP\P103A\ORDmanuStop,1号锅炉换热器循环泵HMI手动停止,
S1\P\P103A_opt_model,P01\PUMP\P103A\ORDopt,1号锅炉换热器循环泵优化平台模式,
S1\P\P103A_opt_start,P01\PUMP\P103A\ORDoptStart,1号锅炉换热器循环泵优化平台启动,
S1\P\P103A_opt_stop,P01\PUMP\P103A\ORDoptStop,1号锅炉换热器循环泵优化平台停止,
S1\P\P103A_Hour,P01\PUMP\P103A\DURrunHr,1号锅炉换热器循环泵运行小时,
S1\P\P103A_Minite,P01\PUMP\P103A\DURrunMin,1号锅炉换热器循环泵运行分钟,
S1\P\P103B_enable,P01\PUMP\P103B\STenable,2号锅炉换热器循环泵使能,
S1\P\P103B_ready,P01\PUMP\P103B\STready,2号锅炉换热器循环泵准备好,
S1\P\P103B_remote,P01\PUMP\P103B\STremote,2号锅炉换热器循环泵远程,
S1\P\P103B_local,P01\PUMP\P103B\STlocal,2号锅炉换热器循环泵本地,
S1\P\P103B_run,P01\PUMP\P103B\STrun,2号锅炉换热器循环泵运行,
S1\P\P103B_fault,P01\PUMP\P103B\FLT,2号锅炉换热器循环泵故障,
S1\P\P103B_reset,P01\PUMP\P103B\ORDreset,2号锅炉换热器循环泵复位,
S1\P\P103B_auto_model,P01\PUMP\P103B\ORDauto,2号锅炉换热器循环泵自动模式,
S1\P\P103B_auto_start,P01\PUMP\P103B\ORDautoStart,2号锅炉换热器循环泵自动启动,
S1\P\P103B_auto_stop,P01\PUMP\P103B\ORDautoStop,2号锅炉换热器循环泵自动停止,
S1\P\P103B_hmi_model,P01\PUMP\P103B\ORDmanu,2号锅炉换热器循环泵HMI手动模式,
S1\P\P103B_hmi_start,P01\PUMP\P103B\ORDmanuStart,2号锅炉换热器循环泵HMI手动启动,
S1\P\P103B_hmi_stop,P01\PUMP\P103B\ORDmanuStop,2号锅炉换热器循环泵HMI手动停止,
S1\P\P103B_opt_model,P01\PUMP\P103B\ORDopt,2号锅炉换热器循环泵优化平台模式,
S1\P\P103B_opt_start,P01\PUMP\P103B\ORDoptStart,2号锅炉换热器循环泵优化平台启动,
S1\P\P103B_opt_stop,P01\PUMP\P103B\ORDoptStop,2号锅炉换热器循环泵优化平台停止,
S1\P\P103B_Minite,P01\PUMP\P103B\DURrunHr,2号锅炉换热器循环泵运行分钟,
S1\P\P103B_Hour,P01\PUMP\P103B\DURrunMin,2号锅炉换热器循环泵运行小时,
S1\V\MV101_enable,P01\SVAL\MV101\STenable,余热锅炉烟气挡板开关阀使能,
S1\V\MV101_ready,P01\SVAL\MV101\STready,余热锅炉烟气挡板开关阀准备好,
S1\V\MV101_remote,P01\SVAL\MV101\STremote,余热锅炉烟气挡板开关阀远程,
S1\V\MV101_local,P01\SVAL\MV101\STlocal,余热锅炉烟气挡板开关阀就地,
S1\V\MV101_open_position,P01\SVAL\MV101\STopensite,余热锅炉烟气挡板开关阀开到位指示,
S1\V\MV101_close_position,P01\SVAL\MV101\STclosesite,余热锅炉烟气挡板开关阀关到位指示,
S1\V\MV101_fault,P01\SVAL\MV101\FLT,余热锅炉烟气挡板开关阀故障,
S1\V\MV101_open,P01\SVAL\MV101\ACTopen,余热锅炉烟气挡板开关阀开指令,
S1\V\MV101_close,P01\SVAL\MV101\ACTclose,余热锅炉烟气挡板开关阀关指令,
S1\V\MV101_open_pos_alm,P01\SVAL\MV101\ALMopen,余热锅炉烟气挡板开关阀开不到位报警,
S1\V\MV101_close_pos_alm,P01\SVAL\MV101\ALMclose,余热锅炉烟气挡板开关阀关不到位报警,
S1\V\MV101_open_act_alm,P01\SVAL\MV101\ALMopenAct,余热锅炉烟气挡板开关阀开未动作报警,
S1\V\MV101_close_act_alm,P01\SVAL\MV101\ALMcloseAct,余热锅炉烟气挡板开关阀关未动作报警,
S1\V\MV101_reset,P01\SVAL\MV101\ORDreset,余热锅炉烟气挡板开关阀复位,
S1\V\MV101_auto_model,P01\SVAL\MV101\Mauto,余热锅炉烟气挡板开关阀自动模式,
S1\V\MV101_auto_open,P01\SVAL\MV101\ORDautoopen,余热锅炉烟气挡板开关阀自动开指令,
S1\V\MV101_auto_close,P01\SVAL\MV101\ORDautoclose,余热锅炉烟气挡板开关阀自动关指令,
S1\V\MV101_auto_stop,P01\SVAL\MV101\ORDautostop,余热锅炉烟气挡板开关阀自动停指令,
S1\V\MV101_hmi_model,P01\SVAL\MV101\Mmanu,余热锅炉烟气挡板开关阀hmi手动模式,
S1\V\MV101_hmi_open,P01\SVAL\MV101\ORDmanuopen,余热锅炉烟气挡板开关阀hmi手动开指令,
S1\V\MV101_hmi_close,P01\SVAL\MV101\ORDmanuclose,余热锅炉烟气挡板开关阀hmi手动关指令,
S1\V\MV101_hmi_stop,P01\SVAL\MV101\ORDmanustop,余热锅炉烟气挡板开关阀hmi手动停指令,
S3\P\P301A_alam,P21\PUMP\P301A\ALM,1号采暖循环泵组报警,
S3\P\P301A_error,P21\VFD\P301A\STcomuErr,1号采暖循环泵组读取错误,
S3\P\P301B_alam,P21\PUMP\P301B\ALM,2号采暖循环泵组报警,
S3\P\P301B_error,P21\VFD\P301B\STcomuErr,2号采暖循环泵组读取错误,
S3\P\P301A_enable,P21\PUMP\P301A\STenable,1号采暖循环泵组使能,
S3\P\P301A_ready,P21\PUMP\P301A\STready,1号采暖循环泵组准备好,
S3\P\P301A_remote,P21\PUMP\P301A\STremote,1号采暖循环泵组远程,
S3\P\P301A_local,P21\PUMP\P301A\STlocal,1号采暖循环泵组本地,
S3\P\P301A_run,P21\PUMP\P301A\STrun,1号采暖循环泵组运行,
S3\P\P301A_fault,P21\PUMP\P301A\FLT,1号采暖循环泵组故障,
S3\P\P301A_reset,P21\PUMP\P301A\ORDreset,1号采暖循环泵组复位,
S3\P\P301A_auto_model,P21\PUMP\P301A\ORDauto,1号采暖循环泵组自动模式,
S3\P\P301A_auto_start,P21\PUMP\P301A\ORDautoStart,1号采暖循环泵组自动启动,
S3\P\P301A_auto_stop,P21\PUMP\P301A\ORDautoStop,1号采暖循环泵组自动停止,
S3\P\P301A_hmi_model,P21\PUMP\P301A\ORDmanu,1号采暖循环泵组HMI手动模式,
S3\P\P301A_hmi_start,P21\PUMP\P301A\ORDmanuStart,1号采暖循环泵组HMI手动启动,
S3\P\P301A_hmi_stop,P21\PUMP\P301A\ORDmanuStop,1号采暖循环泵组HMI手动停止,
S3\P\P301A_opt_model,P21\PUMP\P301A\ORDopt,1号采暖循环泵组优化平台模式,
S3\P\P301A_opt_start,P21\PUMP\P301A\ORDoptStart,1号采暖循环泵组优化平台启动,
S3\P\P301A_opt_stop,P21\PUMP\P301A\ORDoptStop,1号采暖循环泵组优化平台停止,
S3\P\P301A_Minite,P21\PUMP\P301A\DURrunHr,1号采暖循环泵组运行分钟,
S3\P\P301A_Hour,P21\PUMP\P301A\DURrunMin,1号采暖循环泵组运行小时,
S3\P\P301B_enable,P21\PUMP\P301B\STenable,2号采暖循环泵组使能,
S3\P\P301B_ready,P21\PUMP\P301B\STready,2号采暖循环泵组准备好,
S3\P\P301B_remote,P21\PUMP\P301B\STremote,2号采暖循环泵组远程,
S3\P\P301B_local,P21\PUMP\P301B\STlocal,2号采暖循环泵组本地,
S3\P\P301B_run,P21\PUMP\P301B\STrun,2号采暖循环泵组运行,
S3\P\P301B_fault,P21\PUMP\P301B\FLT,2号采暖循环泵组故障,
S3\P\P301B_reset,P21\PUMP\P301B\ORDreset,2号采暖循环泵组复位,
S3\P\P301B_auto_model,P21\PUMP\P301B\ORDauto,2号采暖循环泵组自动模式,
S3\P\P301B_auto_start,P21\PUMP\P301B\ORDautoStart,2号采暖循环泵组自动启动,
S3\P\P301B_auto_stop,P21\PUMP\P301B\ORDautoStop,2号采暖循环泵组自动停止,
S3\P\P301B_hmi_model,P21\PUMP\P301B\ORDmanu,2号采暖循环泵组HMI手动模式,
S3\P\P301B_hmi_start,P21\PUMP\P301B\ORDmanuStart,2号采暖循环泵组HMI手动启动,
S3\P\P301B_hmi_stop,P21\PUMP\P301B\ORDmanuStop,2号采暖循环泵组HMI手动停止,
S3\P\P301B_opt_model,P21\PUMP\P301B\ORDopt,2号采暖循环泵组优化平台模式,
S3\P\P301B_opt_start,P21\PUMP\P301B\ORDoptStart,2号采暖循环泵组优化平台启动,
S3\P\P301B_opt_stop,P21\PUMP\P301B\ORDoptStop,2号采暖循环泵组优化平台停止,
S3\P\P301B_Minite,P21\PUMP\P301B\DURrunHr,2号采暖循环泵组运行分钟,
S3\P\P301B_Hour,P21\PUMP\P301B\DURrunMin,2号采暖循环泵组运行小时,
S3\V\MV301_enable,P21\SVAL\MV301\STenable,采暖板换一次侧进水电动阀使能,
S3\V\MV301_ready,P21\SVAL\MV301\STready,采暖板换一次侧进水电动阀准备好,
S3\V\MV301_remote,P21\SVAL\MV301\STremote,采暖板换一次侧进水电动阀远方,
S3\V\MV301_local,P21\SVAL\MV301\STlocal,采暖板换一次侧进水电动阀就地,
S3\V\MV301_open_position,P21\SVAL\MV301\STopensite,采暖板换一次侧进水电动阀开到位指示,
S3\V\MV301_close_position,P21\SVAL\MV301\STclosesite,采暖板换一次侧进水电动阀关到位指示,
S3\V\MV301_fault,P21\SVAL\MV301\FLT,采暖板换一次侧进水电动阀故障,
S3\V\MV301_open,P21\SVAL\MV301\ACTopen,采暖板换一次侧进水电动阀开指令,
S3\V\MV301_close,P21\SVAL\MV301\ACTclose,采暖板换一次侧进水电动阀关指令,
S3\V\MV301_open_pos_alm,P21\SVAL\MV301\ALMopen,采暖板换一次侧进水电动阀开不到位报警,
S3\V\MV301_close_pos_alm,P21\SVAL\MV301\ALMclose,采暖板换一次侧进水电动阀关不到位报警,
S3\V\MV301_open_act_alm,P21\SVAL\MV301\ALMopenAct,采暖板换一次侧进水电动阀开未动作报警,
S3\V\MV301_close_act_alm,P21\SVAL\MV301\ALMcloseAct,采暖板换一次侧进水电动阀关未动作报警,
S3\V\MV301_reset,P21\SVAL\MV301\ORDreset,采暖板换一次侧进水电动阀复位,
S3\V\MV301_auto_model,P21\SVAL\MV301\Mauto,采暖板换一次侧进水电动阀自动模式,
S3\V\MV301_auto_open,P21\SVAL\MV301\ORDautoopen,采暖板换一次侧进水电动阀自动开指令,
S3\V\MV301_auto_close,P21\SVAL\MV301\ORDautoclose,采暖板换一次侧进水电动阀自动关指令,
S3\V\MV301_auto_stop,P21\SVAL\MV301\ORDautostop,采暖板换一次侧进水电动阀自动停指令,
S3\V\MV301_hmi_model,P21\SVAL\MV301\Mmanu,采暖板换一次侧进水电动阀hmi手动模式,
S3\V\MV301_hmi_open,P21\SVAL\MV301\ORDmanuopen,采暖板换一次侧进水电动阀hmi手动开指令,
S3\V\MV301_hmi_close,P21\SVAL\MV301\ORDmanuclose,采暖板换一次侧进水电动阀hmi手动关指令,
S3\V\MV301_hmi_stop,P21\SVAL\MV301\ORDmanustop,采暖板换一次侧进水电动阀hmi手动停指令,
S3\V\MV302_enable,P21\SVAL\MV302\STenable,供冷板换一次侧进水电动阀使能,
S3\V\MV302_ready,P21\SVAL\MV302\STready,供冷板换一次侧进水电动阀准备好,
S3\V\MV302_remote,P21\SVAL\MV302\STremote,供冷板换一次侧进水电动阀远方,
S3\V\MV302_local,P21\SVAL\MV302\STlocal,供冷板换一次侧进水电动阀就地,
S3\V\MV302_open_position,P21\SVAL\MV302\STopensite,供冷板换一次侧进水电动阀开到位指示,
S3\V\MV302_close_position,P21\SVAL\MV302\STclosesite,供冷板换一次侧进水电动阀关到位指示,
S3\V\MV302_fault,P21\SVAL\MV302\FLT,供冷板换一次侧进水电动阀故障,
S3\V\MV302_open,P21\SVAL\MV302\ACTopen,供冷板换一次侧进水电动阀开指令,
S3\V\MV302_close,P21\SVAL\MV302\ACTclose,供冷板换一次侧进水电动阀关指令,
S3\V\MV302_open_pos_alm,P21\SVAL\MV302\ALMopen,供冷板换一次侧进水电动阀开不到位报警,
S3\V\MV302_close_pos_alm,P21\SVAL\MV302\ALMclose,供冷板换一次侧进水电动阀关不到位报警,
S3\V\MV302_open_act_alm,P21\SVAL\MV302\ALMopenAct,供冷板换一次侧进水电动阀开未动作报警,
S3\V\MV302_close_act_alm,P21\SVAL\MV302\ALMcloseAct,供冷板换一次侧进水电动阀关未动作报警,
S3\V\MV302_reset,P21\SVAL\MV302\ORDreset,供冷板换一次侧进水电动阀复位,
S3\V\MV302_auto_model,P21\SVAL\MV302\Mauto,供冷板换一次侧进水电动阀自动模式,
S3\V\MV302_auto_open,P21\SVAL\MV302\ORDautoopen,供冷板换一次侧进水电动阀自动开指令,
S3\V\MV302_auto_close,P21\SVAL\MV302\ORDautoclose,供冷板换一次侧进水电动阀自动关指令,
S3\V\MV302_auto_stop,P21\SVAL\MV302\ORDautostop,供冷板换一次侧进水电动阀自动停指令,
S3\V\MV302_hmi_model,P21\SVAL\MV302\Mmanu,供冷板换一次侧进水电动阀hmi手动模式,
S3\V\MV302_hmi_open,P21\SVAL\MV302\ORDmanuopen,供冷板换一次侧进水电动阀hmi手动开指令,
S3\V\MV302_hmi_close,P21\SVAL\MV302\ORDmanuclose,供冷板换一次侧进水电动阀hmi手动关指令,
S3\V\MV302_hmi_stop,P21\SVAL\MV302\ORDmanustop,供冷板换一次侧进水电动阀hmi手动停指令,
S4\P\P401A_enable,P31\PUMP\P401A\STenable,1号供冷一次侧循环泵使能,
S4\P\P401A_ready,P31\PUMP\P401A\STready,1号供冷一次侧循环泵准备好,
S4\P\P401A_remote,P31\PUMP\P401A\STremote,1号供冷一次侧循环泵远程,
S4\P\P401A_local,P31\PUMP\P401A\STlocal,1号供冷一次侧循环泵本地,
S4\P\P401A_run,P31\PUMP\P401A\STrun,1号供冷一次侧循环泵运行,
S4\P\P401A_fault,P31\PUMP\P401A\FLT,1号供冷一次侧循环泵故障,
S4\P\P401A_reset,P31\PUMP\P401A\ORDreset,1号供冷一次侧循环泵复位,
S4\P\P401A_auto_model,P31\PUMP\P401A\ORDauto,1号供冷一次侧循环泵自动模式,
S4\P\P401A_auto_start,P31\PUMP\P401A\ORDautoStart,1号供冷一次侧循环泵自动启动,
S4\P\P401A_auto_stop,P31\PUMP\P401A\ORDautoStop,1号供冷一次侧循环泵自动停止,
S4\P\P401A_hmi_model,P31\PUMP\P401A\ORDmanu,1号供冷一次侧循环泵HMI手动模式,
S4\P\P401A_hmi_start,P31\PUMP\P401A\ORDmanuStart,1号供冷一次侧循环泵HMI手动启动,
S4\P\P401A_hmi_stop,P31\PUMP\P401A\ORDmanuStop,1号供冷一次侧循环泵HMI手动停止,
S4\P\P401A_opt_model,P31\PUMP\P401A\ORDopt,1号供冷一次侧循环泵优化平台模式,
S4\P\P401A_opt_start,P31\PUMP\P401A\ORDoptStart,1号供冷一次侧循环泵优化平台启动,
S4\P\P401A_opt_stop,P31\PUMP\P401A\ORDoptStop,1号供冷一次侧循环泵优化平台停止,
S4\P\P401A_Minite,P31\PUMP\P401A\DURrunHr,1号供冷一次侧循环泵运行分钟,
S4\P\P401A_Hour,P31\PUMP\P401A\DURrunMin,1号供冷一次侧循环泵运行小时,
S4\P\P401B_enable,P31\PUMP\P401B\STenable,2号供冷一次侧循环泵使能,
S4\P\P401B_ready,P31\PUMP\P401B\STready,2号供冷一次侧循环泵准备好,
S4\P\P401B_remote,P31\PUMP\P401B\STremote,2号供冷一次侧循环泵远程,
S4\P\P401B_local,P31\PUMP\P401B\STlocal,2号供冷一次侧循环泵本地,
S4\P\P401B_run,P31\PUMP\P401B\STrun,2号供冷一次侧循环泵运行,
S4\P\P401B_fault,P31\PUMP\P401B\FLT,2号供冷一次侧循环泵故障,
S4\P\P401B_reset,P31\PUMP\P401B\ORDreset,2号供冷一次侧循环泵复位,
S4\P\P401B_auto_model,P31\PUMP\P401B\ORDauto,2号供冷一次侧循环泵自动模式,
S4\P\P401B_auto_start,P31\PUMP\P401B\ORDautoStart,2号供冷一次侧循环泵自动启动,
S4\P\P401B_auto_stop,P31\PUMP\P401B\ORDautoStop,2号供冷一次侧循环泵自动停止,
S4\P\P401B_hmi_model,P31\PUMP\P401B\ORDmanu,2号供冷一次侧循环泵HMI手动模式,
S4\P\P401B_hmi_start,P31\PUMP\P401B\ORDmanuStart,2号供冷一次侧循环泵HMI手动启动,
S4\P\P401B_hmi_stop,P31\PUMP\P401B\ORDmanuStop,2号供冷一次侧循环泵HMI手动停止,
S4\P\P401B_opt_model,P31\PUMP\P401B\ORDopt,2号供冷一次侧循环泵优化平台模式,
S4\P\P401B_opt_start,P31\PUMP\P401B\ORDoptStart,2号供冷一次侧循环泵优化平台启动,
S4\P\P401B_opt_stop,P31\PUMP\P401B\ORDoptStop,2号供冷一次侧循环泵优化平台停止,
S4\P\P401B_Minite,P31\PUMP\P401B\DURrunHr,2号供冷一次侧循环泵运行分钟,
S4\P\P401B_Hour,P31\PUMP\P401B\DURrunMin,2号供冷一次侧循环泵运行小时,
S4\P\P402A_enable,P31\PUMP\P402A\STenable,1号供冷二次侧循环泵使能,
S4\P\P402A_ready,P31\PUMP\P402A\STready,1号供冷二次侧循环泵准备好,
S4\P\P402A_remote,P31\PUMP\P402A\STremote,1号供冷二次侧循环泵远程,
S4\P\P402A_local,P31\PUMP\P402A\STlocal,1号供冷二次侧循环泵本地,
S4\P\P402A_run,P31\PUMP\P402A\STrun,1号供冷二次侧循环泵运行,
S4\P\P402A_fault,P31\PUMP\P402A\FLT,1号供冷二次侧循环泵故障,
S4\P\P402A_reset,P31\PUMP\P402A\ORDreset,1号供冷二次侧循环泵复位,
S4\P\P402A_auto_model,P31\PUMP\P402A\ORDauto,1号供冷二次侧循环泵自动模式,
S4\P\P402A_auto_start,P31\PUMP\P402A\ORDautoStart,1号供冷二次侧循环泵自动启动,
S4\P\P402A_auto_stop,P31\PUMP\P402A\ORDautoStop,1号供冷二次侧循环泵自动停止,
S4\P\P402A_hmi_model,P31\PUMP\P402A\ORDmanu,1号供冷二次侧循环泵HMI手动模式,
S4\P\P402A_hmi_start,P31\PUMP\P402A\ORDmanuStart,1号供冷二次侧循环泵HMI手动启动,
S4\P\P402A_hmi_stop,P31\PUMP\P402A\ORDmanuStop,1号供冷二次侧循环泵HMI手动停止,
S4\P\P402A_opt_model,P31\PUMP\P402A\ORDopt,1号供冷二次侧循环泵优化平台模式,
S4\P\P402A_opt_start,P31\PUMP\P402A\ORDoptStart,1号供冷二次侧循环泵优化平台启动,
S4\P\P402A_opt_stop,P31\PUMP\P402A\ORDoptStop,1号供冷二次侧循环泵优化平台停止,
S4\P\P402A_Minite,P31\PUMP\P402A\DURrunHr,1号供冷二次侧循环泵运行分钟,
S4\P\P402A_Hour,P31\PUMP\P402A\DURrunMin,1号供冷二次侧循环泵运行小时,
S4\P\P402B_enable,P31\PUMP\P402B\STenable,2号供冷二次侧循环泵使能,
S4\P\P402B_ready,P31\PUMP\P402B\STready,2号供冷二次侧循环泵准备好,
S4\P\P402B_remote,P31\PUMP\P402B\STremote,2号供冷二次侧循环泵远程,
S4\P\P402B_local,P31\PUMP\P402B\STlocal,2号供冷二次侧循环泵本地,
S4\P\P402B_run,P31\PUMP\P402B\STrun,2号供冷二次侧循环泵运行,
S4\P\P402B_fault,P31\PUMP\P402B\FLT,2号供冷二次侧循环泵故障,
S4\P\P402B_reset,P31\PUMP\P402B\ORDreset,2号供冷二次侧循环泵复位,
S4\P\P402B_auto_model,P31\PUMP\P402B\ORDauto,2号供冷二次侧循环泵自动模式,
S4\P\P402B_auto_start,P31\PUMP\P402B\ORDautoStart,2号供冷二次侧循环泵自动启动,
S4\P\P402B_auto_stop,P31\PUMP\P402B\ORDautoStop,2号供冷二次侧循环泵自动停止,
S4\P\P402B_hmi_model,P31\PUMP\P402B\ORDmanu,2号供冷二次侧循环泵HMI手动模式,
S4\P\P402B_hmi_start,P31\PUMP\P402B\ORDmanuStart,2号供冷二次侧循环泵HMI手动启动,
S4\P\P402B_hmi_stop,P31\PUMP\P402B\ORDmanuStop,2号供冷二次侧循环泵HMI手动停止,
S4\P\P402B_opt_model,P31\PUMP\P402B\ORDopt,2号供冷二次侧循环泵优化平台模式,
S4\P\P402B_opt_start,P31\PUMP\P402B\ORDoptStart,2号供冷二次侧循环泵优化平台启动,
S4\P\P402B_opt_stop,P31\PUMP\P402B\ORDoptStop,2号供冷二次侧循环泵优化平台停止,
S4\P\P402B_Minite,P31\PUMP\P402B\DURrunHr,2号供冷二次侧循环泵运行分钟,
S4\P\P402B_Hour,P31\PUMP\P402B\DURrunMin,2号供冷二次侧循环泵运行小时,
S4\V\MV401_enable,P31\SVAL\MV401\STenable,2号供冷板换一次侧进水电动阀使能,
S4\V\MV401_ready,P31\SVAL\MV401\STready,2号供冷板换一次侧进水电动阀准备好,
S4\V\MV401_remote,P31\SVAL\MV401\STremote,2号供冷板换一次侧进水电动阀远方,
S4\V\MV401_local,P31\SVAL\MV401\STlocal,2号供冷板换一次侧进水电动阀就地,
S4\V\MV401_open_position,P31\SVAL\MV401\STopensite,2号供冷板换一次侧进水电动阀开到位指示,
S4\V\MV401_close_position,P31\SVAL\MV401\STclosesite,2号供冷板换一次侧进水电动阀关到位指示,
S4\V\MV401_fault,P31\SVAL\MV401\FLT,2号供冷板换一次侧进水电动阀故障,
S4\V\MV401_open,P31\SVAL\MV401\ACTopen,2号供冷板换一次侧进水电动阀开指令,
S4\V\MV401_close,P31\SVAL\MV401\ACTclose,2号供冷板换一次侧进水电动阀关指令,
S4\V\MV401_open_pos_alm,P31\SVAL\MV401\ALMopen,2号供冷板换一次侧进水电动阀开不到位报警,
S4\V\MV401_close_pos_alm,P31\SVAL\MV401\ALMclose,2号供冷板换一次侧进水电动阀关不到位报警,
S4\V\MV401_open_act_alm,P31\SVAL\MV401\ALMopenAct,2号供冷板换一次侧进水电动阀开未动作报警,
S4\V\MV401_close_act_alm,P31\SVAL\MV401\ALMcloseAct,2号供冷板换一次侧进水电动阀关未动作报警,
S4\V\MV401_reset,P31\SVAL\MV401\ORDreset,2号供冷板换一次侧进水电动阀复位,
S4\V\MV401_auto_model,P31\SVAL\MV401\Mauto,2号供冷板换一次侧进水电动阀自动模式,
S4\V\MV401_auto_open,P31\SVAL\MV401\ORDautoopen,2号供冷板换一次侧进水电动阀自动开指令,
S4\V\MV401_auto_close,P31\SVAL\MV401\ORDautoclose,2号供冷板换一次侧进水电动阀自动关指令,
S4\V\MV401_auto_stop,P31\SVAL\MV401\ORDautostop,2号供冷板换一次侧进水电动阀自动停指令,
S4\V\MV401_hmi_model,P31\SVAL\MV401\Mmanu,2号供冷板换一次侧进水电动阀hmi手动模式,
S4\V\MV401_hmi_open,P31\SVAL\MV401\ORDmanuopen,2号供冷板换一次侧进水电动阀hmi手动开指令,
S4\V\MV401_hmi_close,P31\SVAL\MV401\ORDmanuclose,2号供冷板换一次侧进水电动阀hmi手动关指令,
S4\V\MV401_hmi_stop,P31\SVAL\MV401\ORDmanustop,2号供冷板换一次侧进水电动阀hmi手动停指令,
S4\V\MV402_enable,P31\SVAL\MV402\STenable,2号供冷板换二次侧进水电动阀使能,
S4\V\MV402_ready,P31\SVAL\MV402\STready,2号供冷板换二次侧进水电动阀准备好,
S4\V\MV402_remote,P31\SVAL\MV402\STremote,2号供冷板换二次侧进水电动阀远方,
S4\V\MV402_local,P31\SVAL\MV402\STlocal,2号供冷板换二次侧进水电动阀就地,
S4\V\MV402_open_position,P31\SVAL\MV402\STopensite,2号供冷板换二次侧进水电动阀开到位指示,
S4\V\MV402_close_position,P31\SVAL\MV402\STclosesite,2号供冷板换二次侧进水电动阀关到位指示,
S4\V\MV402_fault,P31\SVAL\MV402\FLT,2号供冷板换二次侧进水电动阀故障,
S4\V\MV402_open,P31\SVAL\MV402\ACTopen,2号供冷板换二次侧进水电动阀开指令,
S4\V\MV402_close,P31\SVAL\MV402\ACTclose,2号供冷板换二次侧进水电动阀关指令,
S4\V\MV402_open_pos_alm,P31\SVAL\MV402\ALMopen,2号供冷板换二次侧进水电动阀开不到位报警,
S4\V\MV402_close_pos_alm,P31\SVAL\MV402\ALMclose,2号供冷板换二次侧进水电动阀关不到位报警,
S4\V\MV402_open_act_alm,P31\SVAL\MV402\ALMopenAct,2号供冷板换二次侧进水电动阀开未动作报警,
S4\V\MV402_close_act_alm,P31\SVAL\MV402\ALMcloseAct,2号供冷板换二次侧进水电动阀关未动作报警,
S4\V\MV402_reset,P31\SVAL\MV402\ORDreset,2号供冷板换二次侧进水电动阀复位,
S4\V\MV402_auto_model,P31\SVAL\MV402\Mauto,2号供冷板换二次侧进水电动阀自动模式,
S4\V\MV402_auto_open,P31\SVAL\MV402\ORDautoopen,2号供冷板换二次侧进水电动阀自动开指令,
S4\V\MV402_auto_close,P31\SVAL\MV402\ORDautoclose,2号供冷板换二次侧进水电动阀自动关指令,
S4\V\MV402_auto_stop,P31\SVAL\MV402\ORDautostop,2号供冷板换二次侧进水电动阀自动停指令,
S4\V\MV402_hmi_model,P31\SVAL\MV402\Mmanu,2号供冷板换二次侧进水电动阀hmi手动模式,
S4\V\MV402_hmi_open,P31\SVAL\MV402\ORDmanuopen,2号供冷板换二次侧进水电动阀hmi手动开指令,
S4\V\MV402_hmi_close,P31\SVAL\MV402\ORDmanuclose,2号供冷板换二次侧进水电动阀hmi手动关指令,
S4\V\MV402_hmi_stop,P31\SVAL\MV402\ORDmanustop,2号供冷板换二次侧进水电动阀hmi手动停指令,
,,,
S4\T\UIQ_402_CALINS,P31\CEU\LS_UIQ402\PWcooling,1号供冷板换二次侧出水热量表瞬时冷量,
S4\T\UIQ_402_CALINT,P31\CEU\LS_UIQ402\PWcoolingInt,1号供冷板换二次侧出水热量表累计冷量,
S4\T\UIQ_401_CALINS,P31\CEU\LS_UIQ401\PWheating,采暖板换一次侧出水热量表瞬时热量,
S4\T\UIQ_401_CALINT,P31\CEU\LS_UIQ401\PWheatingInt,采暖板换一次侧出水热量表累计热量,
S3\T\UIQ_301_CALINS,P31\CEU\XCY_UIQ301\PWheating,采暖板换二次侧进水热量表瞬时热量,
S3\T\UIQ_301_CALINT,P31\CEU\XCY_UIQ301\PWheatingInt,采暖板换二次侧进水热量表累计热量,
S3\T\UIQ_302_CALINS,P31\CEU\XCY_UIQ301\PWcooling,供冷板换二次侧出水冷量表瞬时冷量,
S3\T\UIQ_302_CALINT,P31\CEU\XCY_UIQ301\PWcoolingInt,供冷板换二次侧出水冷量表累计冷量,
S2\T\UIQ_201_INS,P21\CEU\BHH_UIQ201\Fhw,板换组一次侧进水总管热量表瞬时流量,
S2\T\UIQ_201_INT,P21\CEU\BHH_UIQ201\FhwInt,板换组一次侧进水总管热量表累计流量(正向),
S2\T\UIQ_201_CALINS,P21\CEU\BHH_UIQ201\PWheating,板换组一次侧进水总管热量表瞬时热量,
S2\T\UIQ_201_CALINT,P21\CEU\BHH_UIQ201\PWheatingInt,板换组一次侧进水总管热量表累计热量,
S2\T\UIQ_201_RW,P21\CEU\BHH_UIQ201\ThwIn,板换组一次侧进水总管热量表回水温度,
S2\T\UIQ_201_SW,P21\CEU\BHH_UIQ201\ThwOut,板换组一次侧进水总管热量表供水温度,
,,,
,,,
,,,
,,,
P01\ES\RLSC\Fwater,P01\ES\RLSC\Fwater,泛能站耗水量瞬时值,水表无瞬时值
P01\ES\RLSC\FwaterInt,P01\ES\RLSC\FwaterInt,泛能站耗水量累计值（用于结算）,S1\T\FG_101_INT.PV
P01\ES\RLSC\Pconsum,P01\ES\RLSC\Pconsum,泛能站耗电量瞬时值,S1\E\NYZAP1JXAP.PV+S1\E\NYZAP4JXAP.PV
P01\ES\RLSC\Econsum,P01\ES\RLSC\Econsum,泛能站耗电量累计值,S1\E\NYZAP101AE.PV+S1\E\NYZAP401AE.PV
P01\ES\RLSC\Ffuel,P01\ES\RLSC\Ffuel,泛能站耗气量瞬时值,S1\G\Fuel_F.PV;
P01\ES\RLSC\FfuelInt,P01\ES\RLSC\FfuelInt,泛能站耗气量累计值（用于结算）,ES\ES1_GEG1_GE1_NG_Fv.PV
P01\ES\RLSC\Poutput,P01\ES\RLSC\Poutput,泛能站产电量瞬时值,S1\G\T_g_p.PV;
P01\ES\RLSC\Eoutput,P01\ES\RLSC\Eoutput,泛能站产电量累计值（用于结算）,S1\E\FDJ_OUT_AE.PV;
P01\ES\RLSC\Pwheating,P01\ES\RLSC\PWheating,泛能站产热量瞬时值,S1\T\UIQ_101_CALINS.PV+S1\T\UIQ_102_CALINS.PV
P01\ES\RLSC\PWheatingInt,P01\ES\RLSC\PWheatingInt,泛能站产热量累计值,S1\T\UIQ_101_CALINT.PV+S1\T\UIQ_102_CALINT.PV
,,泛能站产冷量瞬时值,无
,,泛能站产冷量累计值,无
P01\ES\RLSC\Fs,P01\ES\RLSC\FsLP,泛能站产蒸汽瞬时值（用于结算）,S1\T\FRQ_101_INS
P01\ES\RLSC\FsInt,P01\ES\RLSC\FsIntLP,泛能站产蒸汽累计值（用于结算）,S1\T\FRQ_101_INT
,,,
P01\ES\RLSC\Fsconsum,P01\ES\RLSC\Fsconsum,耗蒸汽瞬时量(374/t）,S1\T\UIQ_102_INS
P01\ES\RLSC\FsconsumInt,P01\ES\RLSC\FsconsumInt,耗蒸汽累积量,S1\T\FRQ_102_INT
,,,
,,,
,,,
,,,
,,买374每吨,FIQ102
,,,
,,,
,,,
,,AP1 AE,
,,AP4 AE,
,,,
,卖,尖FPG,
,,买齐101,
